15:36:28,34.699684143066406
15:36:28,34.73997116088867
15:36:29,34.699684143066406
15:36:30,34.699684143066406
15:36:31,34.71982955932617
15:36:33,34.699684143066406
15:36:34,34.669471740722656
15:36:35,34.659400939941406
15:36:36,34.659400939941406
15:36:38,34.669471740722656
15:36:38,34.679542541503906
15:36:39,34.699684143066406
15:36:42,34.659400939941406
15:36:43,34.659400939941406
15:36:43,34.659400939941406
15:36:46,34.659400939941406
15:36:47,34.659400939941406
15:36:48,34.659400939941406
15:36:49,34.679542541503906
15:36:50,34.679542541503906
15:36:51,34.73997116088867
15:36:52,34.73997116088867
15:36:53,34.73997116088867
15:36:54,34.78025817871094
15:36:55,34.82054138183594
15:36:56,34.81047058105469
15:36:57,34.81047058105469
15:36:58,34.83061218261719
15:36:59,34.85075759887695
15:37:00,34.8608283996582
15:37:01,34.9011116027832
15:37:02,34.92125701904297
15:37:03,34.92125701904297
15:37:04,34.89104080200195
15:37:05,34.92125701904297
15:37:06,34.92125701904297
15:37:07,34.9011116027832
15:37:08,34.87089920043945
15:37:10,34.87089920043945
15:37:11,34.87089920043945
15:37:12,34.87089920043945
15:37:13,34.79032897949219
15:37:14,34.82054138183594
15:37:15,34.78025817871094
15:37:16,34.76011276245117
15:37:18,34.83061218261719
15:37:19,34.79032897949219
15:37:20,34.83061218261719
15:37:21,34.82054138183594
15:37:22,34.82054138183594
15:37:23,34.85075759887695
15:37:24,34.79032897949219
15:37:24,34.82054138183594
15:37:25,34.81047058105469
15:37:27,34.76011276245117
15:37:28,34.73997116088867
15:37:29,34.73997116088867
15:37:30,34.679542541503906
15:37:31,34.679542541503906
15:37:32,34.669471740722656
15:37:33,34.699684143066406
15:37:34,34.71982955932617
15:37:35,34.699684143066406
15:37:37,34.699684143066406
15:37:38,34.659400939941406
15:37:39,34.699684143066406
15:37:40,34.699684143066406
15:37:41,34.659400939941406
15:37:42,34.62918472290039
15:37:43,34.59897232055664
15:37:44,34.568756103515625
15:37:45,34.568756103515625
15:37:46,34.568756103515625
15:37:47,34.528472900390625
15:37:48,34.47811508178711
15:37:49,34.51839828491211
15:37:50,34.51839828491211
15:37:51,34.51839828491211
15:37:52,34.528472900390625
15:37:53,34.48818588256836
15:37:54,34.447898864746094
15:37:56,34.457969665527344
15:37:57,34.48818588256836
15:37:58,34.48818588256836
15:37:59,34.38747024536133
15:38:00,34.437828063964844
15:38:01,34.437828063964844
15:38:02,34.417686462402344
15:38:03,34.407615661621094
15:38:04,34.407615661621094
15:38:06,34.447898864746094
15:38:07,34.37739944458008
15:38:08,34.36732864379883
15:38:09,34.37739944458008
15:38:10,34.407615661621094
15:38:11,34.437828063964844
15:38:12,34.407615661621094
15:38:13,34.407615661621094
15:38:14,34.34718704223633
15:38:15,34.33711242675781
15:38:16,34.34718704223633
15:38:17,34.34718704223633
15:38:18,34.36732864379883
15:38:19,34.36732864379883
15:38:20,34.34718704223633
15:38:21,34.34718704223633
15:38:21,34.32704162597656
15:38:22,34.2666130065918
15:38:24,34.29682922363281
15:38:25,34.29682922363281
15:38:26,34.30690002441406
15:38:27,34.34718704223633
15:38:28,34.32704162597656
15:38:29,34.29682922363281
15:38:30,34.28675842285156
15:38:31,34.25654220581055
15:38:32,34.17597198486328
15:38:34,34.23640060424805
15:38:35,34.21625900268555
15:38:36,34.2263298034668
15:38:37,34.23640060424805
15:38:38,34.29682922363281
15:38:39,34.25654220581055
15:38:40,34.2666130065918
15:38:41,34.29682922363281
15:38:42,34.25654220581055
15:38:43,34.29682922363281
15:38:44,34.25654220581055
15:38:45,34.2666130065918
15:38:46,34.30690002441406
15:38:47,34.2666130065918
15:38:48,34.21625900268555
15:38:49,34.21625900268555
15:38:50,34.21625900268555
15:38:51,34.18604278564453
15:38:52,34.145755767822266
15:38:53,34.15583038330078
15:38:54,34.17597198486328
15:38:55,34.105472564697266
15:38:56,34.105472564697266
15:38:57,34.07525634765625
15:38:58,34.0450439453125
15:38:59,34.065185546875
15:39:00,34.024898529052734
15:39:02,34.004756927490234
15:39:03,34.03497314453125
15:39:04,33.994686126708984
15:39:05,34.004756927490234
15:39:06,33.96446990966797
15:39:07,33.93425750732422
15:39:08,33.89397048950195
15:39:09,33.8637580871582
15:39:10,33.8838996887207
15:39:11,33.85368728637695
15:39:12,33.81340026855469
15:39:13,33.80332946777344
15:39:14,33.75297164916992
15:39:15,33.74290084838867
15:39:16,33.74290084838867
15:39:17,33.702613830566406
15:39:18,33.672401428222656
15:39:19,33.662330627441406
15:39:20,33.63211441040039
15:39:21,33.63211441040039
15:39:22,33.59183120727539
15:39:23,33.561614990234375
15:39:24,33.541473388671875
15:39:25,33.551544189453125
15:39:26,33.541473388671875
15:39:27,33.541473388671875
15:39:29,33.51125717163086
15:39:29,33.51125717163086
15:39:31,33.48104476928711
15:39:32,33.47097396850586
15:39:33,33.48104476928711
15:39:34,33.450828552246094
15:39:35,33.440757751464844
15:39:36,33.430686950683594
15:39:37,33.440757751464844
15:39:38,33.39039993286133
15:39:39,33.36018753051758
15:39:40,33.37025833129883
15:39:41,33.34004592895508
15:39:42,33.37025833129883
15:39:43,33.39039993286133
15:39:44,33.34004592895508
15:39:45,33.37025833129883
15:39:46,33.39039993286133
15:39:47,33.34004592895508
15:39:48,33.28968811035156
15:39:49,33.28968811035156
15:39:50,33.25947189331055
15:39:51,33.2494010925293
15:39:52,33.2494010925293
15:39:53,33.16883087158203
15:39:54,33.16883087158203
15:39:55,33.16883087158203
15:39:56,33.16883087158203
15:39:58,33.16883087158203
15:39:59,33.18897247314453
15:40:00,33.16883087158203
15:40:01,33.138614654541016
15:40:03,33.118473052978516
15:40:04,33.07818603515625
15:40:05,33.02783203125
15:40:06,33.05804443359375
15:40:07,32.997615814208984
15:40:08,32.95732879638672
15:40:09,32.94725799560547
15:40:10,32.91704559326172
15:40:11,32.92711639404297
15:40:12,32.8868293762207
15:40:13,32.87675857543945
15:40:15,32.85661697387695
15:40:16,32.81632995605469
15:40:17,32.81632995605469
15:40:18,32.75590133666992
15:40:19,32.75590133666992
15:40:20,32.695472717285156
15:40:21,32.685401916503906
15:40:22,32.61490249633789
15:40:23,32.584686279296875
15:40:25,32.584686279296875
15:40:26,32.584686279296875
15:40:27,32.51418685913086
15:40:28,32.51418685913086
15:40:29,32.50411605834961
15:40:30,32.433616638183594
15:40:31,32.433616638183594
15:40:32,32.443687438964844
15:40:33,32.433616638183594
15:40:34,32.423545837402344
15:40:35,32.39332962036133
15:40:36,32.39332962036133
15:40:37,32.39332962036133
15:40:38,32.39332962036133
15:40:39,32.33290100097656
15:40:40,32.31275939941406
15:40:41,32.31275939941406
15:40:41,32.31275939941406
15:40:42,32.28254699707031
15:40:43,32.28254699707031
15:40:44,32.2724723815918
15:40:46,32.20197296142578
15:40:47,32.20197296142578
15:40:48,32.18183135986328
15:40:49,32.141544342041016
15:40:50,32.131473541259766
15:40:51,32.131473541259766
15:40:53,32.121402740478516
15:40:54,32.0509033203125
15:40:55,32.0509033203125
15:40:56,32.0509033203125
15:40:57,32.0509033203125
15:40:58,32.0509033203125
15:40:59,32.020687103271484
15:41:00,32.03076171875
15:41:01,32.03076171875
15:41:02,31.990474700927734
15:41:03,32.010616302490234
15:41:04,31.990474700927734
15:41:05,31.96026039123535
15:41:06,31.899831771850586
15:41:07,31.909902572631836
15:41:08,31.899831771850586
15:41:09,31.879688262939453
15:41:10,31.899831771850586
15:41:11,31.84947395324707
15:41:12,31.83940315246582
15:41:13,31.82933235168457
15:41:14,31.82933235168457
15:41:15,31.809188842773438
15:41:16,31.789045333862305
15:41:17,31.768903732299805
15:41:18,31.748760223388672
15:41:19,31.748760223388672
15:41:20,31.69840431213379
15:41:22,31.69840431213379
15:41:23,31.69840431213379
15:41:24,31.69840431213379
15:41:25,31.688331604003906
15:41:26,31.688331604003906
15:41:27,31.688331604003906
15:41:28,31.658117294311523
15:41:30,31.577547073364258
15:41:31,31.587617874145508
15:41:32,31.567474365234375
15:41:33,31.527189254760742
15:41:34,31.48690414428711
15:41:35,31.456689834594727
15:41:36,31.466760635375977
15:41:37,31.456689834594727
15:41:38,31.48690414428711
15:41:39,31.436546325683594
15:41:40,31.456689834594727
15:41:41,31.436546325683594
15:41:42,31.39626121520996
15:41:43,31.39626121520996
15:41:44,31.41640281677246
15:41:45,31.41640281677246
15:41:46,31.376117706298828
15:41:47,31.325761795043945
15:41:49,31.376117706298828
15:41:50,31.345903396606445
15:41:51,31.28547477722168
15:41:52,31.28547477722168
15:41:53,31.28547477722168
15:41:54,31.26533317565918
15:41:55,31.27540397644043
15:41:56,31.235118865966797
15:41:57,31.204904556274414
15:41:58,31.16461753845215
15:41:59,31.16461753845215
15:42:00,31.124332427978516
15:42:01,31.094118118286133
15:42:03,31.084047317504883
15:42:03,31.04376220703125
15:42:04,30.983333587646484
15:42:05,30.9531192779541
15:42:06,30.93297576904297
15:42:08,30.892690658569336
15:42:09,30.872547149658203
15:42:10,30.862476348876953
15:42:11,30.862476348876953
15:42:12,30.83226203918457
15:42:13,30.802047729492188
15:42:14,30.822189331054688
15:42:15,30.822189331054688
15:42:16,30.802047729492188
15:42:18,30.802047729492188
15:42:19,30.761762619018555
15:42:20,30.761762619018555
15:42:21,30.751689910888672
15:42:22,30.72147560119629
15:42:23,30.681190490722656
15:42:24,30.671119689941406
15:42:25,30.671119689941406
15:42:26,30.650976181030273
15:42:27,30.640905380249023
15:42:28,30.61069107055664
15:42:29,30.570404052734375
15:42:30,30.530118942260742
15:42:31,30.540189743041992
15:42:32,30.49990463256836
15:42:33,30.48983383178711
15:42:34,30.459619522094727
15:42:35,30.459619522094727
15:42:36,30.449548721313477
15:42:37,30.40926170349121
15:42:38,30.419334411621094
15:42:39,30.38912010192871
15:42:40,30.379047393798828
15:42:41,30.379047393798828
15:42:42,30.368976593017578
15:42:43,30.379047393798828
15:42:45,30.368976593017578
15:42:46,30.379047393798828
15:42:47,30.368976593017578
15:42:48,30.348833084106445
15:42:49,30.338762283325195
15:42:50,30.308547973632812
15:42:51,30.27833366394043
15:42:52,30.27833366394043
15:42:54,30.238048553466797
15:42:55,30.217905044555664
15:42:56,30.197763442993164
15:42:57,30.197763442993164
15:42:58,30.18769073486328
15:42:59,30.1574764251709
15:43:00,30.127262115478516
15:43:01,30.0567626953125
15:43:02,30.04669189453125
15:43:03,30.036619186401367
15:43:04,30.036619186401367
15:43:05,30.016477584838867
15:43:06,29.996334075927734
15:43:07,29.96611976623535
15:43:08,29.9560489654541
15:43:09,29.96611976623535
15:43:10,29.96611976623535
15:43:11,29.96611976623535
15:43:12,29.93590545654297
15:43:14,29.895620346069336
15:43:15,29.885549545288086
15:43:16,29.84526252746582
15:43:17,29.82512092590332
15:43:18,29.815048217773438
15:43:19,29.794906616210938
15:43:20,29.794906616210938
15:43:21,29.754619598388672
15:43:22,29.794906616210938
15:43:23,29.774763107299805
15:43:24,29.774763107299805
15:43:25,29.744548797607422
15:43:26,29.70426368713379
15:43:27,29.70426368713379
15:43:28,29.734477996826172
15:43:29,29.70426368713379
15:43:30,29.694190979003906
15:43:31,29.70426368713379
15:43:32,29.70426368713379
15:43:33,29.663976669311523
15:43:34,29.70426368713379
15:43:35,29.674049377441406
15:43:36,29.653905868530273
15:43:37,29.663976669311523
15:43:38,29.653905868530273
15:43:39,29.674049377441406
15:43:41,29.663976669311523
15:43:42,29.663976669311523
15:43:43,29.63376235961914
15:43:44,29.63376235961914
15:43:45,29.62369155883789
15:43:46,29.61362075805664
15:43:47,29.61362075805664
15:43:48,29.583406448364258
15:43:49,29.61362075805664
15:43:50,29.61362075805664
15:43:51,29.573335647583008
15:43:52,29.573335647583008
15:43:53,29.543121337890625
15:43:54,29.553192138671875
15:43:55,29.553192138671875
15:43:56,29.543121337890625
15:43:57,29.512907028198242
15:43:58,29.48269271850586
15:43:59,29.48269271850586
15:44:00,29.442405700683594
15:44:01,29.432334899902344
15:44:02,29.39204978942871
15:44:03,29.40212059020996
15:44:04,29.361835479736328
15:44:05,29.361835479736328
15:44:06,29.351762771606445
15:44:07,29.361835479736328
15:44:09,29.371906280517578
15:44:10,29.331621170043945
15:44:11,29.291336059570312
15:44:12,29.311477661132812
15:44:13,29.291336059570312
15:44:14,29.291336059570312
15:44:15,29.26112174987793
15:44:16,29.240978240966797
15:44:17,29.210763931274414
15:44:18,29.200693130493164
15:44:19,29.18054962158203
15:44:20,29.17047882080078
15:44:21,29.1402645111084
15:44:22,29.099977493286133
15:44:23,29.089906692504883
15:44:24,29.089906692504883
15:44:25,29.0596923828125
15:44:26,29.039548873901367
15:44:27,29.029478073120117
15:44:28,29.019407272338867
15:44:29,28.999263763427734
15:44:30,28.989192962646484
15:44:31,28.94890785217285
15:44:32,28.91869354248047
15:44:33,28.94890785217285
15:44:34,28.91869354248047
15:44:35,28.91869354248047
15:44:37,28.888479232788086
15:44:38,28.878406524658203
15:44:39,28.84819221496582
15:44:40,28.84819221496582
15:44:41,28.82805061340332
15:44:42,28.82805061340332
15:44:43,28.797836303710938
15:44:44,28.757549285888672
15:44:45,28.727336883544922
15:44:46,28.727336883544922
15:44:47,28.69712257385254
15:44:48,28.676979064941406
15:44:49,28.676979064941406
15:44:51,28.646764755249023
15:44:52,28.656835556030273
15:44:53,28.676979064941406
15:44:54,28.646764755249023
15:44:55,28.62662124633789
15:44:56,28.60647964477539
15:44:57,28.60647964477539
15:44:58,28.60647964477539
15:44:59,28.566192626953125
15:45:00,28.576265335083008
15:45:01,28.535978317260742
15:45:02,28.50576400756836
15:45:03,28.50576400756836
15:45:05,28.475549697875977
15:45:06,28.465478897094727
15:45:07,28.435264587402344
15:45:08,28.39497947692871
15:45:09,28.40505027770996
15:45:10,28.354694366455078
15:45:11,28.354694366455078
15:45:12,28.324480056762695
15:45:13,28.304336547851562
15:45:14,28.253978729248047
15:45:15,28.233837127685547
15:45:16,28.243907928466797
15:45:17,28.203622817993164
15:45:18,28.19355010986328
15:45:19,28.17340850830078
15:45:20,28.1633358001709
15:45:21,28.1633358001709
15:45:22,28.13312339782715
15:45:23,28.13312339782715
15:45:24,28.102909088134766
15:45:25,28.082765579223633
15:45:26,28.092836380004883
15:45:27,28.082765579223633
15:45:28,28.0626220703125
15:45:29,28.04248046875
15:45:30,28.04248046875
15:45:31,27.992122650146484
15:45:33,27.982051849365234
15:45:34,27.982051849365234
15:45:35,27.982051849365234
15:45:36,27.97197914123535
15:45:37,27.97197914123535
15:45:38,27.94176483154297
15:45:39,27.93169403076172
15:45:40,27.881336212158203
15:45:41,27.84105110168457
15:45:42,27.83098030090332
15:45:43,27.82090950012207
15:45:44,27.790695190429688
15:45:45,27.760480880737305
15:45:46,27.750408172607422
15:45:47,27.72019386291504
15:45:48,27.72019386291504
15:45:49,27.689979553222656
15:45:50,27.679908752441406
15:45:51,27.689979553222656
15:45:52,27.669837951660156
15:45:53,27.649694442749023
15:45:54,27.639623641967773
15:45:55,27.599336624145508
15:45:56,27.61948013305664
15:45:57,27.60940933227539
15:45:58,27.599336624145508
15:45:59,27.569122314453125
15:46:01,27.538909912109375
15:46:02,27.528837203979492
15:46:03,27.508695602416992
15:46:04,27.49862289428711
15:46:05,27.49862289428711
15:46:06,27.458337783813477
15:46:07,27.448266983032227
15:46:08,27.428123474121094
15:46:09,27.418052673339844
15:46:10,27.418052673339844
15:46:11,27.40797996520996
15:46:12,27.357624053955078
15:46:13,27.357624053955078
15:46:14,27.317337036132812
15:46:16,27.337480545043945
15:46:17,27.337480545043945
15:46:18,27.337480545043945
15:46:19,27.317337036132812
15:46:20,27.337480545043945
15:46:21,27.297195434570312
15:46:22,27.297195434570312
15:46:23,27.297195434570312
15:46:24,27.26698112487793
15:46:25,27.246837615966797
15:46:26,27.236766815185547
15:46:27,27.206552505493164
15:46:29,27.236766815185547
15:46:30,27.226696014404297
15:46:31,27.206552505493164
15:46:32,27.206552505493164
15:46:33,27.196481704711914
15:46:34,27.196481704711914
15:46:35,27.196481704711914
15:46:36,27.18640899658203
15:46:37,27.15619468688965
15:46:38,27.13605308532715
15:46:39,27.125980377197266
15:46:40,27.125980377197266
15:46:41,27.085695266723633
15:46:42,27.085695266723633
15:46:43,27.085695266723633
15:46:44,27.085695266723633
15:46:45,27.075624465942383
15:46:46,27.085695266723633
15:46:47,27.075624465942383
15:46:48,27.035337448120117
15:46:49,27.04541015625
15:46:50,27.035337448120117
15:46:51,26.984981536865234
15:46:52,26.984981536865234
15:46:53,26.984981536865234
15:46:54,26.9648380279541
15:46:55,26.92455291748047
15:46:57,26.92455291748047
15:46:58,26.92455291748047
15:46:59,26.93462371826172
15:47:00,26.93462371826172
15:47:01,26.91448211669922
15:47:02,26.894338607788086
15:47:03,26.884267807006836
15:47:04,26.864124298095703
15:47:05,26.854053497314453
15:47:06,26.854053497314453
15:47:07,26.82383918762207
15:47:08,26.813766479492188
15:47:09,26.783552169799805
15:47:10,26.803695678710938
15:47:11,26.803695678710938
15:47:12,26.773481369018555
15:47:13,26.773481369018555
15:47:14,26.763410568237305
15:47:14,26.743267059326172
15:47:15,26.743267059326172
15:47:16,26.733196258544922
15:47:17,26.733196258544922
15:47:18,26.70298194885254
15:47:21,26.70298194885254
15:47:22,26.70298194885254
15:47:23,26.692909240722656
15:47:25,26.692909240722656
15:47:26,26.692909240722656
15:47:27,26.662696838378906
15:47:28,26.632482528686523
15:47:29,26.652624130249023
15:47:30,26.652624130249023
15:47:31,26.62240982055664
15:47:32,26.60226821899414
15:47:33,26.592195510864258
15:47:34,26.592195510864258
15:47:35,26.561981201171875
15:47:36,26.561981201171875
15:47:37,26.551910400390625
15:47:38,26.521696090698242
15:47:39,26.511625289916992
15:47:40,26.48141098022461
15:47:41,26.48141098022461
15:47:42,26.48141098022461
15:47:43,26.451196670532227
15:47:44,26.451196670532227
15:47:45,26.451196670532227
15:47:46,26.431053161621094
15:47:47,26.431053161621094
15:47:48,26.41090965270996
15:47:49,26.39076805114746
15:47:50,26.39076805114746
15:47:51,26.370624542236328
15:47:53,26.340410232543945
15:47:54,26.340410232543945
15:47:55,26.330339431762695
15:47:56,26.330339431762695
15:47:57,26.320268630981445
15:47:58,26.320268630981445
15:47:59,26.300125122070312
15:48:00,26.25984001159668
15:48:01,26.25984001159668
15:48:02,26.249767303466797
15:48:03,26.229625701904297
15:48:04,26.18933868408203
15:48:05,26.18933868408203
15:48:06,26.17926788330078
15:48:08,26.18933868408203
15:48:09,26.16919708251953
15:48:10,26.13898277282715
15:48:11,26.13898277282715
15:48:12,26.128910064697266
15:48:13,26.128910064697266
15:48:15,26.078554153442383
15:48:16,26.068483352661133
15:48:17,26.068483352661133
15:48:18,26.068483352661133
15:48:19,26.068483352661133
15:48:21,26.068483352661133
15:48:22,26.03826904296875
15:48:23,26.018125534057617
15:48:24,26.028196334838867
15:48:25,26.028196334838867
15:48:26,26.028196334838867
15:48:27,26.018125534057617
15:48:28,26.028196334838867
15:48:29,26.028196334838867
15:48:30,26.018125534057617
15:48:31,26.018125534057617
15:48:32,25.997982025146484
15:48:33,25.997982025146484
15:48:34,25.987911224365234
15:48:35,25.987911224365234
15:48:36,25.987911224365234
15:48:37,25.987911224365234
15:48:38,25.9677677154541
15:48:39,25.9476261138916
15:48:40,25.9476261138916
15:48:41,25.92748260498047
15:48:42,25.92748260498047
15:48:43,25.92748260498047
15:48:44,25.9476261138916
15:48:45,25.9476261138916
15:48:46,25.92748260498047
15:48:47,25.91741180419922
15:48:49,25.907339096069336
15:48:50,25.907339096069336
15:48:51,25.887197494506836
15:48:52,25.887197494506836
15:48:53,25.867053985595703
15:48:54,25.867053985595703
15:48:55,25.877124786376953
15:48:56,25.867053985595703
15:48:57,25.84691047668457
15:48:58,25.84691047668457
15:48:59,25.84691047668457
15:49:00,25.816696166992188
15:49:01,25.816696166992188
15:49:02,25.806625366210938
15:49:03,25.796554565429688
15:49:04,25.796554565429688
15:49:05,25.796554565429688
15:49:06,25.776411056518555
15:49:07,25.756269454956055
15:49:08,25.766340255737305
15:49:09,25.736125946044922
15:49:10,25.756269454956055
15:49:11,25.726055145263672
15:49:12,25.726055145263672
15:49:13,25.70591163635254
15:49:14,25.70591163635254
15:49:15,25.685768127441406
15:49:17,25.655553817749023
15:49:18,25.645483016967773
15:49:19,25.62533950805664
15:49:20,25.595125198364258
15:49:21,25.595125198364258
15:49:22,25.595125198364258
15:49:23,25.595125198364258
15:49:23,25.595125198364258
15:49:24,25.585054397583008
15:49:25,25.585054397583008
15:49:27,25.574983596801758
15:49:28,25.544769287109375
15:49:29,25.544769287109375
15:49:30,25.534696578979492
15:49:31,25.534696578979492
15:49:32,25.514554977416992
15:49:33,25.50448226928711
15:49:34,25.50448226928711
15:49:35,25.50448226928711
15:49:36,25.49441146850586
15:49:37,25.49441146850586
15:49:38,25.464197158813477
15:49:39,25.444055557250977
15:49:40,25.433982849121094
15:49:41,25.433982849121094
15:49:42,25.423912048339844
15:49:44,25.423912048339844
15:49:45,25.40376853942871
15:49:46,25.363483428955078
15:49:47,25.363483428955078
15:49:48,25.353412628173828
15:49:49,25.323198318481445
15:49:50,25.313125610351562
15:49:51,25.313125610351562
15:49:52,25.292984008789062
15:49:53,25.27284049987793
15:49:54,25.27284049987793
15:49:55,25.232555389404297
15:49:56,25.242626190185547
15:49:57,25.232555389404297
15:49:58,25.212411880493164
15:49:59,25.232555389404297
15:50:00,25.202341079711914
15:50:01,25.202341079711914
15:50:02,25.18219757080078
15:50:03,25.17212677001953
15:50:04,25.16205596923828
15:50:05,25.18219757080078
15:50:06,25.16205596923828
15:50:08,25.1318416595459
15:50:09,25.101627349853516
15:50:10,25.121768951416016
15:50:11,25.121768951416016
15:50:13,25.091554641723633
15:50:14,25.091554641723633
15:50:15,25.071413040161133
15:50:16,25.071413040161133
15:50:17,25.071413040161133
15:50:18,25.05126953125
15:50:19,25.031126022338867
15:50:20,25.031126022338867
15:50:21,25.021055221557617
15:50:22,25.021055221557617
15:50:23,24.990840911865234
15:50:24,24.980770111083984
15:50:25,24.94048309326172
15:50:26,24.96062660217285
15:50:27,24.96062660217285
15:50:28,24.96062660217285
15:50:29,24.94048309326172
15:50:30,24.92034149169922
15:50:31,24.910268783569336
15:50:32,24.880056381225586
15:50:33,24.880056381225586
15:50:34,24.900197982788086
15:50:35,24.869983673095703
15:50:36,24.869983673095703
15:50:37,24.880056381225586
15:50:38,24.83976936340332
15:50:40,24.83976936340332
15:50:40,24.83976936340332
15:50:42,24.82969856262207
15:50:43,24.799484252929688
15:50:44,24.789413452148438
15:50:45,24.799484252929688
15:50:46,24.789413452148438
15:50:47,24.789413452148438
15:50:48,24.749126434326172
15:50:49,24.739055633544922
15:50:50,24.769269943237305
15:50:51,24.749126434326172
15:50:52,24.739055633544922
15:50:53,24.71891212463379
15:50:54,24.71891212463379
15:50:55,24.70884132385254
15:50:56,24.70884132385254
15:50:57,24.678627014160156
15:50:58,24.688697814941406
15:50:59,24.678627014160156
15:51:00,24.688697814941406
15:51:01,24.688697814941406
15:51:02,24.70884132385254
15:51:03,24.688697814941406
15:51:04,24.688697814941406
15:51:05,24.678627014160156
15:51:06,24.678627014160156
15:51:07,24.688697814941406
15:51:09,24.688697814941406
15:51:10,24.688697814941406
15:51:11,24.70884132385254
15:51:12,24.688697814941406
15:51:13,24.688697814941406
15:51:14,24.70884132385254
15:51:15,24.688697814941406
15:51:16,24.70884132385254
15:51:17,24.688697814941406
15:51:18,24.688697814941406
15:51:19,24.678627014160156
15:51:20,24.668556213378906
15:51:21,24.638341903686523
15:51:22,24.62826919555664
15:51:23,24.62826919555664
15:51:24,24.62826919555664
15:51:25,24.60812759399414
15:51:26,24.587984085083008
15:51:27,24.557769775390625
15:51:28,24.557769775390625
15:51:29,24.557769775390625
15:51:30,24.557769775390625
15:51:31,24.537628173828125
15:51:32,24.517484664916992
15:51:33,24.527555465698242
15:51:34,24.527555465698242
15:51:35,24.517484664916992
15:51:37,24.49734115600586
15:51:38,24.517484664916992
15:51:39,24.49734115600586
15:51:40,24.517484664916992
15:51:41,24.47719955444336
15:51:42,24.48727035522461
15:51:43,24.49734115600586
15:51:44,24.47719955444336
15:51:46,24.446985244750977
15:51:47,24.446985244750977
15:51:48,24.426841735839844
15:51:49,24.416770935058594
15:51:50,24.416770935058594
15:51:51,24.40669822692871
15:51:52,24.40669822692871
15:51:53,24.416770935058594
15:51:54,24.38655662536621
15:51:55,24.40669822692871
15:51:56,24.40669822692871
15:51:58,24.38655662536621
15:51:59,24.376483917236328
15:52:00,24.366413116455078
15:52:01,24.366413116455078
15:52:02,24.366413116455078
15:52:03,24.316055297851562
15:52:05,24.336198806762695
15:52:06,24.316055297851562
15:52:07,24.295913696289062
15:52:08,24.295913696289062
15:52:09,24.305984497070312
15:52:09,24.27577018737793
15:52:10,24.295913696289062
15:52:11,24.27577018737793
15:52:12,24.27577018737793
15:52:13,24.27577018737793
15:52:14,24.26569938659668
15:52:16,24.27577018737793
15:52:17,24.26569938659668
15:52:19,24.235485076904297
15:52:20,24.225414276123047
15:52:21,24.225414276123047
15:52:22,24.225414276123047
15:52:23,24.215341567993164
15:52:24,24.215341567993164
15:52:25,24.215341567993164
15:52:26,24.195199966430664
15:52:27,24.18512725830078
15:52:28,24.1549129486084
15:52:29,24.1549129486084
15:52:30,24.124698638916016
15:52:32,24.114627838134766
15:52:33,24.104557037353516
15:52:34,24.104557037353516
15:52:35,24.084413528442383
15:52:36,24.074342727661133
15:52:37,24.05419921875
15:52:38,24.074342727661133
15:52:39,24.074342727661133
15:52:40,24.034055709838867
15:52:41,24.034055709838867
15:52:42,24.034055709838867
15:52:43,24.013914108276367
15:52:44,24.003841400146484
15:52:45,23.993770599365234
15:52:46,24.003841400146484
15:52:47,23.993770599365234
15:52:48,23.973628997802734
15:52:49,23.9534854888916
15:52:50,23.9534854888916
15:52:51,23.9534854888916
15:52:52,23.9534854888916
15:52:53,23.9534854888916
15:52:55,23.93334197998047
15:52:56,23.93334197998047
15:52:57,23.93334197998047
15:52:58,23.92327117919922
15:52:59,23.903127670288086
15:53:01,23.882986068725586
15:53:02,23.862842559814453
15:53:04,23.862842559814453
15:53:05,23.852771759033203
15:53:06,23.852771759033203
15:53:07,23.852771759033203
15:53:08,23.852771759033203
15:53:09,23.84269905090332
15:53:10,23.84269905090332
15:53:11,23.82255744934082
15:53:12,23.82255744934082
15:53:13,23.84269905090332
15:53:15,23.812484741210938
15:53:15,23.792343139648438
15:53:16,23.792343139648438
15:53:17,23.812484741210938
15:53:19,23.792343139648438
15:53:21,23.792343139648438
15:53:22,23.792343139648438
15:53:23,23.782270431518555
15:53:24,23.772199630737305
15:53:25,23.741985321044922
15:53:26,23.731914520263672
15:53:29,23.731914520263672
15:53:30,23.731914520263672
15:53:31,23.741985321044922
15:53:32,23.731914520263672
15:53:33,23.71177101135254
15:53:34,23.70170021057129
15:53:35,23.70170021057129
15:53:36,23.70170021057129
15:53:38,23.681556701660156
15:53:39,23.671485900878906
15:53:40,23.661415100097656
15:53:41,23.671485900878906
15:53:42,23.671485900878906
15:53:43,23.661415100097656
15:53:44,23.661415100097656
15:53:45,23.661415100097656
15:53:46,23.641271591186523
15:53:47,23.671485900878906
15:53:48,23.641271591186523
15:53:49,23.631200790405273
15:53:50,23.631200790405273
15:53:51,23.631200790405273
15:53:52,23.631200790405273
15:53:53,23.631200790405273
15:53:54,23.641271591186523
15:53:55,23.62112808227539
15:53:57,23.62112808227539
15:53:58,23.631200790405273
15:53:59,23.60098648071289
15:54:00,23.60098648071289
15:54:01,23.60098648071289
15:54:03,23.60098648071289
15:54:04,23.60098648071289
15:54:05,23.60098648071289
15:54:06,23.580842971801758
15:54:07,23.580842971801758
15:54:08,23.560699462890625
15:54:09,23.560699462890625
15:54:10,23.530485153198242
15:54:11,23.550628662109375
15:54:12,23.530485153198242
15:54:13,23.520414352416992
15:54:14,23.510343551635742
15:54:15,23.49020004272461
15:54:16,23.49020004272461
15:54:17,23.49020004272461
15:54:18,23.49020004272461
15:54:19,23.49020004272461
15:54:20,23.49020004272461
15:54:20,23.48012924194336
15:54:21,23.470056533813477
15:54:22,23.470056533813477
15:54:23,23.470056533813477
15:54:26,23.439842224121094
15:54:27,23.449914932250977
15:54:28,23.449914932250977
15:54:29,23.439842224121094
15:54:30,23.419700622558594
15:54:31,23.419700622558594
15:54:32,23.40962791442871
15:54:33,23.40962791442871
15:54:35,23.37941551208496
15:54:36,23.369342803955078
15:54:37,23.37941551208496
15:54:38,23.37941551208496
15:54:39,23.37941551208496
15:54:40,23.37941551208496
15:54:41,23.39955711364746
15:54:42,23.369342803955078
15:54:43,23.369342803955078
15:54:44,23.37941551208496
15:54:45,23.37941551208496
15:54:46,23.329057693481445
15:54:47,23.329057693481445
15:54:48,23.339128494262695
15:54:49,23.359272003173828
15:54:50,23.339128494262695
15:54:52,23.339128494262695
15:54:53,23.329057693481445
15:54:54,23.329057693481445
15:54:55,23.318986892700195
15:54:56,23.318986892700195
15:54:57,23.298843383789062
15:54:58,23.298843383789062
15:54:59,23.318986892700195
15:55:00,23.318986892700195
15:55:01,23.318986892700195
15:55:02,23.298843383789062
15:55:03,23.26862907409668
15:55:04,23.288772583007812
15:55:05,23.288772583007812
15:55:06,23.288772583007812
15:55:07,23.26862907409668
15:55:09,23.288772583007812
15:55:10,23.288772583007812
15:55:11,23.288772583007812
15:55:12,23.26862907409668
15:55:13,23.25855827331543
15:55:14,23.228343963623047
15:55:15,23.248485565185547
15:55:16,23.25855827331543
15:55:17,23.25855827331543
15:55:18,23.248485565185547
15:55:19,23.248485565185547
15:55:21,23.228343963623047
15:55:22,23.218271255493164
15:55:23,23.218271255493164
15:55:24,23.218271255493164
15:55:25,23.218271255493164
15:55:26,23.218271255493164
15:55:27,23.208200454711914
15:55:28,23.218271255493164
15:55:29,23.208200454711914
15:55:30,23.208200454711914
15:55:31,23.208200454711914
15:55:32,23.218271255493164
15:55:33,23.218271255493164
15:55:34,23.218271255493164
15:55:35,23.228343963623047
15:55:36,23.218271255493164
15:55:37,23.208200454711914
15:55:38,23.18805694580078
15:55:39,23.18805694580078
15:55:41,23.1578426361084
15:55:42,23.17798614501953
15:55:43,23.1578426361084
15:55:44,23.14777183532715
15:55:45,23.1377010345459
15:55:46,23.1578426361084
15:55:48,23.1377010345459
15:55:49,23.14777183532715
15:55:50,23.1377010345459
15:55:51,23.117557525634766
15:55:52,23.117557525634766
15:55:53,23.117557525634766
15:55:54,23.1377010345459
15:55:55,23.117557525634766
15:55:56,23.117557525634766
15:55:57,23.1377010345459
15:55:58,23.117557525634766
15:55:59,23.117557525634766
15:56:00,23.117557525634766
15:56:01,23.117557525634766
15:56:02,23.117557525634766
15:56:03,23.117557525634766
15:56:04,23.107486724853516
15:56:05,23.097415924072266
15:56:06,23.097415924072266
15:56:07,23.097415924072266
15:56:08,23.077272415161133
15:56:09,23.067201614379883
15:56:10,23.077272415161133
15:56:11,23.04705810546875
15:56:12,23.04705810546875
15:56:13,23.04705810546875
15:56:14,23.04705810546875
15:56:16,23.04705810546875
15:56:17,23.0369873046875
15:56:18,23.04705810546875
15:56:19,23.0369873046875
15:56:20,23.0369873046875
15:56:21,23.026914596557617
15:56:22,23.006772994995117
15:56:24,22.996700286865234
15:56:25,22.986629486083984
15:56:26,22.96648597717285
15:56:27,22.96648597717285
15:56:28,22.986629486083984
15:56:29,22.96648597717285
15:56:30,22.94634437561035
15:56:31,22.93627166748047
15:56:32,22.93627166748047
15:56:33,22.93627166748047
15:56:34,22.93627166748047
15:56:35,22.94634437561035
15:56:36,22.93627166748047
15:56:37,22.906057357788086
15:56:38,22.885915756225586
15:56:39,22.875843048095703
15:56:40,22.875843048095703
15:56:41,22.875843048095703
15:56:42,22.875843048095703
15:56:44,22.875843048095703
15:56:45,22.875843048095703
15:56:46,22.865772247314453
15:56:47,22.875843048095703
15:56:48,22.865772247314453
15:56:49,22.865772247314453
15:56:50,22.875843048095703
15:56:51,22.875843048095703
15:56:52,22.885915756225586
15:56:53,22.875843048095703
15:56:54,22.875843048095703
15:56:55,22.875843048095703
15:56:56,22.875843048095703
15:56:57,22.865772247314453
15:56:58,22.865772247314453
15:56:59,22.875843048095703
15:57:00,22.885915756225586
15:57:01,22.875843048095703
15:57:02,22.875843048095703
15:57:03,22.885915756225586
15:57:04,22.875843048095703
15:57:05,22.875843048095703
15:57:06,22.875843048095703
15:57:07,22.875843048095703
15:57:08,22.865772247314453
15:57:09,22.875843048095703
15:57:10,22.875843048095703
15:57:12,22.885915756225586
15:57:13,22.875843048095703
15:57:14,22.865772247314453
15:57:15,22.875843048095703
15:57:16,22.875843048095703
15:57:17,22.875843048095703
15:57:18,22.885915756225586
15:57:19,22.875843048095703
15:57:20,22.875843048095703
15:57:21,22.865772247314453
15:57:22,22.84562873840332
15:57:23,22.84562873840332
15:57:24,22.84562873840332
15:57:25,22.84562873840332
15:57:26,22.84562873840332
15:57:27,22.84562873840332
15:57:28,22.83555793762207
15:57:29,22.83555793762207
15:57:30,22.83555793762207
15:57:31,22.82548713684082
15:57:32,22.82548713684082
15:57:33,22.82548713684082
15:57:34,22.83555793762207
15:57:35,22.82548713684082
15:57:36,22.805343627929688
15:57:37,22.805343627929688
15:57:38,22.82548713684082
15:57:40,22.795272827148438
15:57:41,22.795272827148438
15:57:42,22.754987716674805
15:57:43,22.765058517456055
15:57:44,22.775129318237305
15:57:45,22.775129318237305
15:57:46,22.775129318237305
15:57:47,22.775129318237305
15:57:48,22.775129318237305
15:57:49,22.775129318237305
15:57:50,22.775129318237305
15:57:51,22.775129318237305
15:57:52,22.765058517456055
15:57:53,22.775129318237305
15:57:54,22.775129318237305
15:57:55,22.765058517456055
15:57:56,22.765058517456055
15:57:57,22.775129318237305
15:57:58,22.775129318237305
15:57:59,22.765058517456055
15:58:00,22.734844207763672
15:58:01,22.754987716674805
15:58:02,22.754987716674805
15:58:03,22.754987716674805
15:58:04,22.754987716674805
15:58:05,22.734844207763672
15:58:06,22.734844207763672
15:58:08,22.724773406982422
15:58:09,22.724773406982422
15:58:10,22.69455909729004
15:58:11,22.69455909729004
15:58:12,22.71470069885254
15:58:13,22.69455909729004
15:58:14,22.684486389160156
15:58:15,22.674415588378906
15:58:16,22.674415588378906
15:58:17,22.674415588378906
15:58:18,22.654272079467773
15:58:19,22.654272079467773
15:58:20,22.674415588378906
15:58:21,22.674415588378906
15:58:22,22.674415588378906
15:58:23,22.674415588378906
15:58:24,22.654272079467773
15:58:25,22.654272079467773
15:58:26,22.674415588378906
15:58:27,22.654272079467773
15:58:28,22.644201278686523
15:58:29,22.644201278686523
15:58:30,22.62405776977539
15:58:31,22.62405776977539
15:58:32,22.644201278686523
15:58:33,22.61398696899414
15:58:34,22.61398696899414
15:58:36,22.60391616821289
15:58:37,22.60391616821289
15:58:38,22.583772659301758
15:58:39,22.573701858520508
15:58:40,22.563629150390625
15:58:41,22.563629150390625
15:58:42,22.563629150390625
15:58:43,22.543487548828125
15:58:44,22.543487548828125
15:58:45,22.533414840698242
15:58:46,22.543487548828125
15:58:48,22.513273239135742
15:58:49,22.513273239135742
15:58:50,22.503202438354492
15:58:51,22.503202438354492
15:58:52,22.503202438354492
15:58:53,22.49312973022461
15:58:54,22.49312973022461
15:58:55,22.47298812866211
15:58:56,22.49312973022461
15:58:57,22.47298812866211
15:58:58,22.462915420532227
15:58:59,22.452844619750977
15:59:00,22.452844619750977
15:59:01,22.452844619750977
15:59:02,22.452844619750977
15:59:04,22.422630310058594
15:59:05,22.432701110839844
15:59:06,22.422630310058594
15:59:07,22.422630310058594
15:59:08,22.422630310058594
15:59:09,22.40248680114746
15:59:10,22.39241600036621
15:59:11,22.40248680114746
15:59:12,22.39241600036621
15:59:13,22.39241600036621
15:59:14,22.39241600036621
15:59:16,22.39241600036621
15:59:17,22.362201690673828
15:59:18,22.362201690673828
15:59:19,22.362201690673828
15:59:20,22.362201690673828
15:59:21,22.342058181762695
15:59:21,22.321916580200195
15:59:22,22.321916580200195
15:59:23,22.321916580200195
15:59:25,22.311843872070312
15:59:26,22.301773071289062
15:59:27,22.301773071289062
15:59:28,22.27155876159668
15:59:29,22.301773071289062
15:59:31,22.301773071289062
15:59:32,22.28162956237793
15:59:33,22.28162956237793
15:59:34,22.27155876159668
15:59:35,22.27155876159668
15:59:36,22.27155876159668
15:59:37,22.27155876159668
15:59:38,22.27155876159668
15:59:39,22.27155876159668
15:59:40,22.251415252685547
15:59:41,22.251415252685547
15:59:42,22.251415252685547
15:59:43,22.241344451904297
15:59:44,22.241344451904297
15:59:45,22.241344451904297
15:59:46,22.241344451904297
15:59:47,22.241344451904297
15:59:48,22.231273651123047
15:59:49,22.241344451904297
15:59:50,22.231273651123047
15:59:51,22.231273651123047
15:59:52,22.211130142211914
15:59:53,22.201059341430664
15:59:54,22.190988540649414
15:59:55,22.201059341430664
15:59:56,22.201059341430664
15:59:57,22.17084503173828
15:59:58,22.17084503173828
16:00:00,22.17084503173828
16:00:01,22.17084503173828
16:00:02,22.17084503173828
16:00:03,22.17084503173828
16:00:04,22.17084503173828
16:00:05,22.16077423095703
16:00:06,22.17084503173828
16:00:07,22.16077423095703
16:00:08,22.16077423095703
16:00:09,22.17084503173828
16:00:10,22.17084503173828
16:00:11,22.16077423095703
16:00:12,22.17084503173828
16:00:13,22.16077423095703
16:00:14,22.1406307220459
16:00:15,22.16077423095703
16:00:16,22.16077423095703
16:00:17,22.13055992126465
16:00:18,22.1406307220459
16:00:19,22.1406307220459
16:00:20,22.13055992126465
16:00:21,22.120487213134766
16:00:22,22.120487213134766
16:00:23,22.100345611572266
16:00:24,22.100345611572266
16:00:25,22.100345611572266
16:00:26,22.100345611572266
16:00:28,22.100345611572266
16:00:29,22.090272903442383
16:00:30,22.090272903442383
16:00:31,22.080202102661133
16:00:32,22.080202102661133
16:00:33,22.080202102661133
16:00:34,22.04998779296875
16:00:35,22.06005859375
16:00:36,22.06005859375
16:00:37,22.019773483276367
16:00:38,22.019773483276367
16:00:39,22.0399169921875
16:00:40,22.019773483276367
16:00:41,22.009702682495117
16:00:42,22.009702682495117
16:00:43,22.009702682495117
16:00:44,21.989559173583984
16:00:45,22.009702682495117
16:00:46,21.989559173583984
16:00:47,21.989559173583984
16:00:48,21.989559173583984
16:00:49,22.009702682495117
16:00:50,21.989559173583984
16:00:51,21.989559173583984
16:00:52,21.989559173583984
16:00:53,21.979488372802734
16:00:54,21.979488372802734
16:00:56,21.979488372802734
16:00:57,21.979488372802734
16:00:58,21.96941566467285
16:00:59,21.979488372802734
16:01:00,21.979488372802734
16:01:01,21.979488372802734
16:01:02,21.979488372802734
16:01:03,21.979488372802734
16:01:04,21.979488372802734
16:01:05,21.979488372802734
16:01:06,21.96941566467285
16:01:07,21.96941566467285
16:01:08,21.94927406311035
16:01:09,21.93920135498047
16:01:10,21.94927406311035
16:01:11,21.92913055419922
16:01:12,21.92913055419922
16:01:13,21.90898895263672
16:01:14,21.898916244506836
16:01:15,21.90898895263672
16:01:16,21.92913055419922
16:01:17,21.898916244506836
16:01:18,21.90898895263672
16:01:19,21.878774642944336
16:01:20,21.90898895263672
16:01:21,21.898916244506836
16:01:22,21.90898895263672
16:01:24,21.878774642944336
16:01:25,21.898916244506836
16:01:26,21.858631134033203
16:01:27,21.868701934814453
16:01:28,21.878774642944336
16:01:29,21.868701934814453
16:01:30,21.858631134033203
16:01:31,21.858631134033203
16:01:32,21.83848762512207
16:01:33,21.82841682434082
16:01:34,21.82841682434082
16:01:35,21.81834602355957
16:01:36,21.81834602355957
16:01:37,21.798202514648438
16:01:38,21.798202514648438
16:01:39,21.788131713867188
16:01:41,21.767988204956055
16:01:42,21.767988204956055
16:01:43,21.788131713867188
16:01:44,21.767988204956055
16:01:45,21.757917404174805
16:01:46,21.757917404174805
16:01:47,21.757917404174805
16:01:48,21.757917404174805
16:01:49,21.747844696044922
16:01:50,21.747844696044922
16:01:52,21.747844696044922
16:01:53,21.757917404174805
16:01:54,21.747844696044922
16:01:55,21.727703094482422
16:01:56,21.747844696044922
16:01:57,21.71763038635254
16:01:58,21.71763038635254
16:01:59,21.71763038635254
16:02:00,21.71763038635254
16:02:01,21.71763038635254
16:02:03,21.70755958557129
16:02:04,21.687416076660156
16:02:05,21.70755958557129
16:02:06,21.70755958557129
16:02:07,21.687416076660156
16:02:08,21.687416076660156
16:02:09,21.687416076660156
16:02:10,21.687416076660156
16:02:11,21.687416076660156
16:02:12,21.687416076660156
16:02:13,21.677345275878906
16:02:14,21.687416076660156
16:02:15,21.687416076660156
16:02:16,21.677345275878906
16:02:17,21.677345275878906
16:02:18,21.677345275878906
16:02:20,21.667274475097656
16:02:21,21.667274475097656
16:02:22,21.667274475097656
16:02:23,21.667274475097656
16:02:24,21.647130966186523
16:02:25,21.647130966186523
16:02:27,21.637060165405273
16:02:28,21.637060165405273
16:02:29,21.637060165405273
16:02:30,21.637060165405273
16:02:31,21.637060165405273
16:02:32,21.637060165405273
16:02:33,21.647130966186523
16:02:34,21.647130966186523
16:02:35,21.647130966186523
16:02:36,21.637060165405273
16:02:38,21.637060165405273
16:02:39,21.61691665649414
16:02:40,21.60684585571289
16:02:41,21.60684585571289
16:02:42,21.60684585571289
16:02:43,21.60684585571289
16:02:44,21.60684585571289
16:02:45,21.60684585571289
16:02:46,21.60684585571289
16:02:48,21.59677505493164
16:02:49,21.59677505493164
16:02:50,21.576631546020508
16:02:51,21.566560745239258
16:02:52,21.556488037109375
16:02:53,21.536346435546875
16:02:54,21.536346435546875
16:02:55,21.556488037109375
16:02:56,21.536346435546875
16:02:57,21.536346435546875
16:02:58,21.556488037109375
16:02:59,21.536346435546875
16:03:00,21.536346435546875
16:03:01,21.526273727416992
16:03:02,21.526273727416992
16:03:03,21.526273727416992
16:03:04,21.506132125854492
16:03:05,21.506132125854492
16:03:06,21.506132125854492
16:03:07,21.506132125854492
16:03:08,21.49605941772461
16:03:09,21.49605941772461
16:03:10,21.48598861694336
16:03:11,21.48598861694336
16:03:12,21.49605941772461
16:03:13,21.48598861694336
16:03:14,21.48598861694336
16:03:16,21.48598861694336
16:03:18,21.48598861694336
16:03:19,21.465845108032227
16:03:20,21.465845108032227
16:03:21,21.48598861694336
16:03:22,21.48598861694336
16:03:23,21.48598861694336
16:03:24,21.48598861694336
16:03:25,21.48598861694336
16:03:26,21.48598861694336
16:03:27,21.48598861694336
16:03:28,21.48598861694336
16:03:29,21.49605941772461
16:03:30,21.48598861694336
16:03:30,21.48598861694336
16:03:31,21.49605941772461
16:03:32,21.48598861694336
16:03:34,21.465845108032227
16:03:35,21.465845108032227
16:03:36,21.48598861694336
16:03:37,21.465845108032227
16:03:38,21.455774307250977
16:03:39,21.445703506469727
16:03:40,21.445703506469727
16:03:41,21.425559997558594
16:03:42,21.445703506469727
16:03:44,21.425559997558594
16:03:45,21.425559997558594
16:03:46,21.445703506469727
16:03:47,21.445703506469727
16:03:48,21.425559997558594
16:03:49,21.445703506469727
16:03:50,21.445703506469727
16:03:51,21.445703506469727
16:03:52,21.425559997558594
16:03:53,21.445703506469727
16:03:54,21.415489196777344
16:03:55,21.425559997558594
16:03:56,21.425559997558594
16:03:57,21.425559997558594
16:03:58,21.425559997558594
16:03:59,21.415489196777344
16:04:00,21.425559997558594
16:04:01,21.415489196777344
16:04:02,21.415489196777344
16:04:03,21.415489196777344
16:04:04,21.40541648864746
16:04:05,21.40541648864746
16:04:06,21.415489196777344
16:04:07,21.40541648864746
16:04:08,21.415489196777344
16:04:09,21.40541648864746
16:04:10,21.415489196777344
16:04:11,21.415489196777344
16:04:13,21.40541648864746
16:04:14,21.40541648864746
16:04:15,21.40541648864746
16:04:15,21.40541648864746
16:04:16,21.40541648864746
16:04:17,21.415489196777344
16:04:18,21.40541648864746
16:04:19,21.38527488708496
16:04:21,21.40541648864746
16:04:22,21.38527488708496
16:04:23,21.375202178955078
16:04:24,21.355060577392578
16:04:25,21.375202178955078
16:04:26,21.375202178955078
16:04:27,21.375202178955078
16:04:28,21.375202178955078
16:04:29,21.38527488708496
16:04:30,21.38527488708496
16:04:31,21.375202178955078
16:04:32,21.375202178955078
16:04:33,21.38527488708496
16:04:34,21.38527488708496
16:04:35,21.40541648864746
16:04:36,21.375202178955078
16:04:37,21.375202178955078
16:04:38,21.375202178955078
16:04:40,21.355060577392578
16:04:41,21.355060577392578
16:04:42,21.375202178955078
16:04:43,21.355060577392578
16:04:44,21.355060577392578
16:04:45,21.355060577392578
16:04:46,21.344987869262695
16:04:47,21.334917068481445
16:04:48,21.344987869262695
16:04:49,21.344987869262695
16:04:50,21.334917068481445
16:04:51,21.344987869262695
16:04:52,21.334917068481445
16:04:53,21.334917068481445
16:04:54,21.304702758789062
16:04:55,21.304702758789062
16:04:56,21.294631958007812
16:04:57,21.294631958007812
16:04:58,21.304702758789062
16:04:59,21.294631958007812
16:05:00,21.294631958007812
16:05:01,21.294631958007812
16:05:02,21.284561157226562
16:05:03,21.284561157226562
16:05:04,21.26441764831543
16:05:05,21.26441764831543
16:05:07,21.26441764831543
16:05:08,21.25434684753418
16:05:09,21.25434684753418
16:05:10,21.25434684753418
16:05:11,21.234203338623047
16:05:12,21.234203338623047
16:05:13,21.224132537841797
16:05:14,21.224132537841797
16:05:15,21.224132537841797
16:05:16,21.224132537841797
16:05:17,21.224132537841797
16:05:18,21.214059829711914
16:05:19,21.214059829711914
16:05:20,21.214059829711914
16:05:21,21.214059829711914
16:05:22,21.214059829711914
16:05:23,21.214059829711914
16:05:24,21.214059829711914
16:05:24,21.193918228149414
16:05:25,21.193918228149414
16:05:27,21.193918228149414
16:05:28,21.193918228149414
16:05:28,21.18384552001953
16:05:29,21.18384552001953
16:05:30,21.17377471923828
16:05:31,21.18384552001953
16:05:33,21.17377471923828
16:05:34,21.18384552001953
16:05:36,21.17377471923828
16:05:37,21.17377471923828
16:05:37,21.15363121032715
16:05:38,21.17377471923828
16:05:40,21.18384552001953
16:05:41,21.17377471923828
16:05:41,21.18384552001953
16:05:42,21.17377471923828
16:05:43,21.17377471923828
16:05:44,21.17377471923828
16:05:45,21.17377471923828
16:05:47,21.17377471923828
16:05:48,21.17377471923828
16:05:49,21.15363121032715
16:05:50,21.15363121032715
16:05:51,21.1435604095459
16:05:52,21.1435604095459
16:05:53,21.1435604095459
16:05:54,21.1435604095459
16:05:55,21.1435604095459
16:05:57,21.113346099853516
16:05:58,21.123416900634766
16:05:59,21.113346099853516
16:06:00,21.083131790161133
16:06:01,21.083131790161133
16:06:03,21.083131790161133
16:06:04,21.083131790161133
16:06:05,21.083131790161133
16:06:06,21.083131790161133
16:06:07,21.083131790161133
16:06:09,21.083131790161133
16:06:10,21.073060989379883
16:06:11,21.083131790161133
16:06:12,21.073060989379883
16:06:13,21.073060989379883
16:06:14,21.073060989379883
16:06:15,21.073060989379883
16:06:16,21.073060989379883
16:06:16,21.083131790161133
16:06:17,21.083131790161133
16:06:19,21.073060989379883
16:06:20,21.06298828125
16:06:21,21.06298828125
16:06:22,21.0428466796875
16:06:23,21.0428466796875
16:06:24,21.06298828125
16:06:25,21.06298828125
16:06:26,21.0428466796875
16:06:27,21.0428466796875
16:06:28,21.032773971557617
16:06:29,21.0428466796875
16:06:31,21.022703170776367
16:06:32,21.032773971557617
16:06:33,21.002561569213867
16:06:34,21.022703170776367
16:06:35,21.002561569213867
16:06:36,21.002561569213867
16:06:37,20.992488861083984
16:06:38,21.022703170776367
16:06:39,20.992488861083984
16:06:40,20.992488861083984
16:06:41,20.992488861083984
16:06:42,20.972347259521484
16:06:43,20.972347259521484
16:06:44,20.9622745513916
16:06:45,20.9622745513916
16:06:46,20.9622745513916
16:06:47,20.972347259521484
16:06:48,20.9622745513916
16:06:49,20.95220375061035
16:06:50,20.9622745513916
16:06:51,20.9622745513916
16:06:52,20.95220375061035
16:06:53,20.95220375061035
16:06:54,20.95220375061035
16:06:55,20.95220375061035
16:06:56,20.95220375061035
16:06:57,20.95220375061035
16:06:59,20.93206024169922
16:07:00,20.93206024169922
16:07:01,20.92198944091797
16:07:02,20.93206024169922
16:07:03,20.91191864013672
16:07:04,20.91191864013672
16:07:05,20.91191864013672
16:07:06,20.91191864013672
16:07:07,20.881704330444336
16:07:08,20.881704330444336
16:07:09,20.881704330444336
16:07:10,20.881704330444336
16:07:11,20.881704330444336
16:07:12,20.881704330444336
16:07:13,20.881704330444336
16:07:14,20.861560821533203
16:07:15,20.861560821533203
16:07:16,20.851490020751953
16:07:17,20.851490020751953
16:07:18,20.851490020751953
16:07:19,20.851490020751953
16:07:20,20.84141731262207
16:07:21,20.851490020751953
16:07:22,20.851490020751953
16:07:23,20.84141731262207
16:07:24,20.851490020751953
16:07:25,20.84141731262207
16:07:26,20.861560821533203
16:07:28,20.861560821533203
16:07:29,20.861560821533203
16:07:30,20.861560821533203
16:07:31,20.861560821533203
16:07:32,20.851490020751953
16:07:33,20.851490020751953
16:07:34,20.851490020751953
16:07:35,20.861560821533203
16:07:36,20.851490020751953
16:07:37,20.851490020751953
16:07:38,20.851490020751953
16:07:39,20.861560821533203
16:07:40,20.851490020751953
16:07:41,20.861560821533203
16:07:42,20.851490020751953
16:07:43,20.851490020751953
16:07:44,20.84141731262207
16:07:45,20.851490020751953
16:07:46,20.851490020751953
16:07:47,20.84141731262207
16:07:48,20.84141731262207
16:07:49,20.82127571105957
16:07:50,20.82127571105957
16:07:51,20.82127571105957
16:07:52,20.82127571105957
16:07:53,20.82127571105957
16:07:54,20.82127571105957
16:07:56,20.82127571105957
16:07:57,20.82127571105957
16:07:58,20.811203002929688
16:07:59,20.801132202148438
16:08:00,20.801132202148438
16:08:01,20.801132202148438
16:08:02,20.780988693237305
16:08:03,20.780988693237305
16:08:04,20.780988693237305
16:08:05,20.770917892456055
16:08:06,20.770917892456055
16:08:07,20.760847091674805
16:08:08,20.770917892456055
16:08:09,20.770917892456055
16:08:10,20.760847091674805
16:08:11,20.760847091674805
16:08:12,20.760847091674805
16:08:13,20.760847091674805
16:08:14,20.760847091674805
16:08:15,20.760847091674805
16:08:16,20.740703582763672
16:08:17,20.740703582763672
16:08:18,20.740703582763672
16:08:19,20.730632781982422
16:08:20,20.730632781982422
16:08:21,20.730632781982422
16:08:22,20.730632781982422
16:08:24,20.71048927307129
16:08:25,20.71048927307129
16:08:26,20.71048927307129
16:08:27,20.71048927307129
16:08:28,20.730632781982422
16:08:29,20.71048927307129
16:08:30,20.71048927307129
16:08:31,20.71048927307129
16:08:32,20.70041847229004
16:08:33,20.70041847229004
16:08:34,20.70041847229004
16:08:35,20.70041847229004
16:08:36,20.70041847229004
16:08:37,20.70041847229004
16:08:38,20.71048927307129
16:08:39,20.71048927307129
16:08:40,20.71048927307129
16:08:41,20.71048927307129
16:08:42,20.71048927307129
16:08:43,20.71048927307129
16:08:44,20.71048927307129
16:08:45,20.71048927307129
16:08:46,20.70041847229004
16:08:47,20.70041847229004
16:08:48,20.70041847229004
16:08:49,20.70041847229004
16:08:50,20.70041847229004
16:08:52,20.70041847229004
16:08:53,20.70041847229004
16:08:54,20.70041847229004
16:08:55,20.70041847229004
16:08:56,20.69034767150879
16:08:57,20.70041847229004
16:08:58,20.71048927307129
16:08:59,20.71048927307129
16:09:00,20.70041847229004
16:09:01,20.71048927307129
16:09:02,20.70041847229004
16:09:03,20.71048927307129
16:09:04,20.71048927307129
16:09:05,20.71048927307129
16:09:06,20.71048927307129
16:09:07,20.71048927307129
16:09:08,20.71048927307129
16:09:09,20.71048927307129
16:09:10,20.71048927307129
16:09:11,20.70041847229004
16:09:12,20.70041847229004
16:09:13,20.70041847229004
16:09:14,20.70041847229004
16:09:15,20.70041847229004
16:09:16,20.70041847229004
16:09:17,20.70041847229004
16:09:19,20.69034767150879
16:09:20,20.69034767150879
16:09:21,20.69034767150879
16:09:22,20.69034767150879
16:09:23,20.670204162597656
16:09:24,20.670204162597656
16:09:25,20.660133361816406
16:09:26,20.660133361816406
16:09:27,20.660133361816406
16:09:28,20.650060653686523
16:09:29,20.650060653686523
16:09:30,20.629919052124023
16:09:31,20.629919052124023
16:09:32,20.629919052124023
16:09:33,20.61984634399414
16:09:34,20.629919052124023
16:09:35,20.61984634399414
16:09:36,20.59970474243164
16:09:37,20.59970474243164
16:09:38,20.589632034301758
16:09:39,20.61984634399414
16:09:40,20.579561233520508
16:09:41,20.579561233520508
16:09:42,20.589632034301758
16:09:43,20.579561233520508
16:09:44,20.589632034301758
16:09:45,20.589632034301758
16:09:46,20.589632034301758
16:09:48,20.579561233520508
16:09:49,20.559417724609375
16:09:50,20.579561233520508
16:09:51,20.579561233520508
16:09:52,20.559417724609375
16:09:53,20.579561233520508
16:09:54,20.579561233520508
16:09:55,20.579561233520508
16:09:56,20.559417724609375
16:09:57,20.559417724609375
16:09:58,20.559417724609375
16:09:59,20.559417724609375
