12:02:19,17.729351043701172
12:02:19,17.729351043701172
12:02:19,17.729351043701172
12:02:20,17.729351043701172
12:02:20,17.739421844482422
12:02:21,17.739421844482422
12:02:22,17.729351043701172
12:02:22,17.729351043701172
12:02:23,17.729351043701172
12:02:23,17.739421844482422
12:02:24,17.729351043701172
12:02:24,17.729351043701172
12:02:25,17.739421844482422
12:02:25,17.739421844482422
12:02:26,17.729351043701172
12:02:26,17.719280242919922
12:02:27,17.719280242919922
12:02:27,17.729351043701172
12:02:28,17.729351043701172
12:02:29,17.729351043701172
12:02:29,17.729351043701172
12:02:30,17.729351043701172
12:02:30,17.729351043701172
12:02:31,17.739421844482422
12:02:31,17.729351043701172
12:02:32,17.729351043701172
12:02:32,17.729351043701172
12:02:33,17.719280242919922
12:02:33,17.729351043701172
12:02:34,17.729351043701172
12:02:34,17.719280242919922
12:02:35,17.729351043701172
12:02:35,17.729351043701172
12:02:36,17.729351043701172
12:02:37,17.719280242919922
12:02:37,17.719280242919922
12:02:38,17.719280242919922
12:02:38,17.719280242919922
12:02:39,17.719280242919922
12:02:39,17.729351043701172
12:02:40,17.729351043701172
12:02:40,17.729351043701172
12:02:41,17.729351043701172
12:02:41,17.719280242919922
12:02:42,17.729351043701172
12:02:42,17.729351043701172
12:02:43,17.729351043701172
12:02:44,17.719280242919922
12:02:44,17.729351043701172
12:02:45,17.719280242919922
12:02:45,17.719280242919922
12:02:46,17.719280242919922
12:02:46,17.729351043701172
12:02:47,17.729351043701172
12:02:47,17.729351043701172
12:02:48,17.729351043701172
12:02:48,17.69913673400879
12:02:49,17.69913673400879
12:02:49,17.719280242919922
12:02:50,17.719280242919922
12:02:51,17.719280242919922
12:02:51,17.719280242919922
12:02:52,17.69913673400879
12:02:52,17.719280242919922
12:02:53,17.69913673400879
12:02:53,17.69913673400879
12:02:54,17.69913673400879
12:02:54,17.69913673400879
12:02:55,17.69913673400879
12:02:55,17.719280242919922
12:02:56,17.69913673400879
12:02:56,17.69913673400879
12:02:57,17.719280242919922
12:02:58,17.69913673400879
12:02:58,17.69913673400879
12:02:59,17.69913673400879
12:02:59,17.69913673400879
12:03:00,17.69913673400879
12:03:00,17.69913673400879
12:03:01,17.69913673400879
12:03:01,17.68906593322754
12:03:02,17.69913673400879
12:03:02,17.69913673400879
12:03:03,17.68906593322754
12:03:03,17.69913673400879
12:03:04,17.69913673400879
12:03:05,17.69913673400879
12:03:05,17.68906593322754
12:03:06,17.69913673400879
12:03:06,17.69913673400879
12:03:07,17.69913673400879
12:03:07,17.69913673400879
12:03:08,17.69913673400879
12:03:08,17.69913673400879
12:03:09,17.69913673400879
12:03:09,17.69913673400879
12:03:10,17.69913673400879
12:03:10,17.69913673400879
12:03:11,17.69913673400879
12:03:11,17.68906593322754
12:03:12,17.69913673400879
12:03:13,17.69913673400879
12:03:13,17.69913673400879
12:03:14,17.68906593322754
12:03:14,17.69913673400879
12:03:15,17.69913673400879
12:03:15,17.69913673400879
12:03:16,17.69913673400879
12:03:16,17.69913673400879
12:03:17,17.68906593322754
12:03:17,17.68906593322754
12:03:18,17.68906593322754
12:03:18,17.69913673400879
12:03:19,17.68906593322754
12:03:20,17.68906593322754
12:03:20,17.68906593322754
12:03:21,17.68906593322754
12:03:21,17.68906593322754
12:03:22,17.68906593322754
12:03:22,17.68906593322754
12:03:23,17.68906593322754
12:03:23,17.668922424316406
12:03:24,17.68906593322754
12:03:24,17.668922424316406
12:03:25,17.68906593322754
12:03:25,17.68906593322754
12:03:26,17.69913673400879
12:03:27,17.68906593322754
12:03:27,17.68906593322754
12:03:28,17.68906593322754
12:03:28,17.68906593322754
12:03:29,17.668922424316406
12:03:29,17.68906593322754
12:03:30,17.668922424316406
12:03:30,17.668922424316406
12:03:31,17.668922424316406
12:03:31,17.668922424316406
12:03:32,17.658851623535156
12:03:32,17.668922424316406
12:03:33,17.668922424316406
12:03:34,17.658851623535156
12:03:34,17.668922424316406
12:03:35,17.658851623535156
12:03:35,17.668922424316406
12:03:36,17.668922424316406
12:03:36,17.658851623535156
12:03:37,17.668922424316406
12:03:37,17.658851623535156
12:03:38,17.668922424316406
12:03:38,17.668922424316406
12:03:39,17.668922424316406
12:03:39,17.668922424316406
12:03:40,17.668922424316406
12:03:41,17.668922424316406
12:03:41,17.658851623535156
12:03:42,17.658851623535156
12:03:42,17.668922424316406
12:03:43,17.668922424316406
12:03:43,17.668922424316406
12:03:44,17.668922424316406
12:03:44,17.668922424316406
12:03:45,17.668922424316406
12:03:45,17.668922424316406
12:03:46,17.668922424316406
12:03:46,17.668922424316406
12:03:47,17.668922424316406
12:03:47,17.668922424316406
12:03:48,17.658851623535156
12:03:49,17.668922424316406
12:03:49,17.658851623535156
12:03:50,17.668922424316406
12:03:50,17.668922424316406
12:03:51,17.658851623535156
12:03:51,17.668922424316406
12:03:52,17.658851623535156
12:03:52,17.668922424316406
12:03:53,17.658851623535156
12:03:53,17.648778915405273
12:03:54,17.658851623535156
12:03:54,17.658851623535156
12:03:55,17.658851623535156
12:03:56,17.658851623535156
12:03:56,17.668922424316406
12:03:57,17.668922424316406
12:03:57,17.658851623535156
12:03:58,17.658851623535156
12:03:58,17.658851623535156
12:03:59,17.658851623535156
12:03:59,17.658851623535156
12:04:00,17.658851623535156
12:04:00,17.658851623535156
12:04:01,17.658851623535156
12:04:01,17.648778915405273
12:04:02,17.658851623535156
12:04:03,17.648778915405273
12:04:03,17.658851623535156
12:04:04,17.658851623535156
12:04:04,17.658851623535156
12:04:05,17.658851623535156
12:04:05,17.658851623535156
12:04:06,17.648778915405273
12:04:06,17.648778915405273
12:04:07,17.648778915405273
12:04:07,17.648778915405273
12:04:08,17.648778915405273
12:04:08,17.648778915405273
12:04:09,17.658851623535156
12:04:09,17.658851623535156
12:04:10,17.658851623535156
12:04:11,17.658851623535156
12:04:11,17.658851623535156
12:04:12,17.658851623535156
12:04:12,17.658851623535156
12:04:13,17.658851623535156
12:04:13,17.648778915405273
12:04:14,17.658851623535156
12:04:14,17.658851623535156
12:04:15,17.648778915405273
12:04:15,17.658851623535156
12:04:16,17.648778915405273
12:04:16,17.658851623535156
12:04:17,17.658851623535156
12:04:18,17.658851623535156
12:04:18,17.648778915405273
12:04:19,17.648778915405273
12:04:19,17.648778915405273
12:04:20,17.648778915405273
12:04:20,17.648778915405273
12:04:21,17.648778915405273
12:04:21,17.648778915405273
12:04:22,17.658851623535156
12:04:22,17.648778915405273
12:04:23,17.658851623535156
12:04:23,17.658851623535156
12:04:24,17.658851623535156
12:04:25,17.648778915405273
12:04:25,17.658851623535156
12:04:26,17.648778915405273
12:04:26,17.648778915405273
12:04:27,17.648778915405273
12:04:27,17.648778915405273
12:04:28,17.648778915405273
12:04:28,17.648778915405273
12:04:29,17.648778915405273
12:04:29,17.658851623535156
12:04:30,17.648778915405273
12:04:30,17.658851623535156
12:04:31,17.648778915405273
12:04:32,17.648778915405273
12:04:32,17.648778915405273
12:04:33,17.648778915405273
12:04:33,17.648778915405273
12:04:34,17.648778915405273
12:04:34,17.648778915405273
12:04:35,17.628637313842773
12:04:35,17.648778915405273
12:04:36,17.658851623535156
12:04:36,17.658851623535156
12:04:37,17.648778915405273
12:04:37,17.648778915405273
12:04:38,17.628637313842773
12:04:38,17.648778915405273
12:04:39,17.648778915405273
12:04:40,17.648778915405273
12:04:40,17.648778915405273
12:04:41,17.648778915405273
12:04:41,17.658851623535156
12:04:42,17.648778915405273
12:04:42,17.648778915405273
12:04:43,17.648778915405273
12:04:43,17.648778915405273
12:04:44,17.648778915405273
12:04:44,17.628637313842773
12:04:45,17.628637313842773
12:04:45,17.628637313842773
12:04:46,17.648778915405273
12:04:47,17.628637313842773
12:04:47,17.628637313842773
12:04:48,17.628637313842773
12:04:48,17.628637313842773
12:04:49,17.628637313842773
12:04:49,17.628637313842773
12:04:50,17.628637313842773
12:04:50,17.628637313842773
12:04:51,17.628637313842773
12:04:51,17.628637313842773
12:04:52,17.628637313842773
12:04:52,17.628637313842773
12:04:53,17.628637313842773
12:04:54,17.628637313842773
12:04:54,17.628637313842773
12:04:55,17.628637313842773
12:04:55,17.628637313842773
12:04:56,17.628637313842773
12:04:56,17.61856460571289
12:04:57,17.628637313842773
12:04:57,17.628637313842773
12:04:58,17.628637313842773
12:04:58,17.628637313842773
12:04:59,17.628637313842773
12:04:59,17.628637313842773
12:05:00,17.628637313842773
12:05:00,17.628637313842773
12:05:01,17.628637313842773
12:05:02,17.628637313842773
12:05:02,17.628637313842773
12:05:03,17.61856460571289
12:05:03,17.628637313842773
12:05:04,17.628637313842773
12:05:04,17.628637313842773
12:05:05,17.61856460571289
12:05:05,17.61856460571289
12:05:06,17.61856460571289
12:05:06,17.628637313842773
12:05:07,17.61856460571289
12:05:07,17.628637313842773
12:05:08,17.628637313842773
12:05:09,17.628637313842773
12:05:09,17.628637313842773
12:05:10,17.628637313842773
12:05:10,17.628637313842773
12:05:11,17.61856460571289
12:05:11,17.61856460571289
12:05:12,17.61856460571289
12:05:12,17.61856460571289
12:05:13,17.628637313842773
12:05:13,17.61856460571289
12:05:14,17.628637313842773
12:05:14,17.628637313842773
12:05:15,17.628637313842773
12:05:16,17.61856460571289
12:05:16,17.61856460571289
12:05:17,17.628637313842773
12:05:17,17.628637313842773
12:05:18,17.628637313842773
12:05:18,17.628637313842773
12:05:19,17.628637313842773
12:05:19,17.628637313842773
12:05:20,17.61856460571289
12:05:20,17.61856460571289
12:05:21,17.628637313842773
12:05:21,17.61856460571289
12:05:22,17.628637313842773
12:05:23,17.628637313842773
12:05:23,17.628637313842773
12:05:24,17.628637313842773
12:05:24,17.61856460571289
12:05:25,17.628637313842773
12:05:25,17.61856460571289
12:05:26,17.61856460571289
12:05:26,17.61856460571289
12:05:27,17.61856460571289
12:05:27,17.60849380493164
12:05:28,17.628637313842773
12:05:28,17.628637313842773
12:05:29,17.61856460571289
12:05:30,17.61856460571289
12:05:30,17.61856460571289
12:05:31,17.61856460571289
12:05:31,17.61856460571289
12:05:32,17.60849380493164
12:05:32,17.61856460571289
12:05:33,17.61856460571289
12:05:33,17.61856460571289
12:05:34,17.61856460571289
12:05:34,17.61856460571289
12:05:35,17.61856460571289
12:05:35,17.61856460571289
12:05:36,17.61856460571289
12:05:36,17.61856460571289
12:05:37,17.61856460571289
12:05:38,17.628637313842773
12:05:38,17.61856460571289
12:05:39,17.61856460571289
12:05:39,17.61856460571289
12:05:40,17.61856460571289
12:05:40,17.61856460571289
12:05:41,17.61856460571289
12:05:41,17.61856460571289
12:05:42,17.61856460571289
12:05:42,17.61856460571289
12:05:43,17.61856460571289
12:05:43,17.61856460571289
12:05:44,17.628637313842773
12:05:45,17.61856460571289
12:05:45,17.60849380493164
12:05:46,17.61856460571289
12:05:46,17.61856460571289
12:05:47,17.628637313842773
12:05:47,17.61856460571289
12:05:48,17.61856460571289
12:05:48,17.61856460571289
12:05:49,17.61856460571289
12:05:49,17.61856460571289
12:05:50,17.61856460571289
12:05:50,17.61856460571289
12:05:51,17.61856460571289
12:05:52,17.61856460571289
12:05:52,17.628637313842773
12:05:53,17.61856460571289
12:05:53,17.61856460571289
12:05:54,17.61856460571289
12:05:54,17.61856460571289
12:05:55,17.61856460571289
12:05:55,17.628637313842773
12:05:56,17.61856460571289
12:05:56,17.61856460571289
12:05:57,17.60849380493164
12:05:57,17.61856460571289
12:05:58,17.60849380493164
12:05:59,17.61856460571289
12:05:59,17.61856460571289
12:06:00,17.61856460571289
12:06:00,17.61856460571289
12:06:01,17.60849380493164
12:06:01,17.61856460571289
12:06:02,17.60849380493164
12:06:02,17.60849380493164
12:06:03,17.61856460571289
12:06:03,17.60849380493164
12:06:04,17.61856460571289
12:06:04,17.60849380493164
12:06:05,17.61856460571289
12:06:05,17.61856460571289
12:06:06,17.60849380493164
12:06:07,17.60849380493164
12:06:07,17.61856460571289
12:06:08,17.61856460571289
12:06:08,17.60849380493164
12:06:09,17.60849380493164
12:06:09,17.61856460571289
12:06:10,17.61856460571289
12:06:10,17.60849380493164
12:06:11,17.628637313842773
12:06:11,17.61856460571289
12:06:12,17.60849380493164
12:06:12,17.61856460571289
12:06:13,17.61856460571289
12:06:14,17.60849380493164
12:06:14,17.61856460571289
12:06:15,17.60849380493164
12:06:15,17.60849380493164
12:06:16,17.60849380493164
12:06:16,17.60849380493164
12:06:17,17.60849380493164
12:06:17,17.60849380493164
12:06:18,17.60849380493164
12:06:18,17.61856460571289
12:06:19,17.60849380493164
12:06:19,17.61856460571289
12:06:20,17.60849380493164
12:06:21,17.588350296020508
12:06:21,17.60849380493164
12:06:22,17.588350296020508
12:06:22,17.60849380493164
12:06:23,17.60849380493164
12:06:23,17.61856460571289
12:06:24,17.61856460571289
12:06:24,17.60849380493164
12:06:25,17.588350296020508
12:06:25,17.60849380493164
12:06:26,17.60849380493164
12:06:26,17.60849380493164
12:06:27,17.60849380493164
12:06:27,17.60849380493164
12:06:28,17.60849380493164
12:06:29,17.60849380493164
12:06:29,17.588350296020508
12:06:30,17.60849380493164
12:06:30,17.60849380493164
12:06:31,17.60849380493164
12:06:31,17.60849380493164
12:06:32,17.61856460571289
12:06:32,17.60849380493164
12:06:33,17.61856460571289
12:06:33,17.61856460571289
12:06:34,17.60849380493164
12:06:34,17.61856460571289
12:06:35,17.61856460571289
12:06:36,17.60849380493164
12:06:36,17.60849380493164
12:06:37,17.60849380493164
12:06:37,17.61856460571289
12:06:38,17.61856460571289
12:06:38,17.60849380493164
12:06:39,17.60849380493164
12:06:39,17.61856460571289
12:06:40,17.60849380493164
12:06:40,17.60849380493164
12:06:41,17.60849380493164
12:06:41,17.60849380493164
12:06:42,17.61856460571289
12:06:43,17.61856460571289
12:06:43,17.60849380493164
12:06:44,17.588350296020508
12:06:44,17.588350296020508
12:06:45,17.60849380493164
12:06:45,17.60849380493164
12:06:46,17.61856460571289
12:06:46,17.61856460571289
12:06:47,17.60849380493164
12:06:47,17.60849380493164
12:06:48,17.60849380493164
12:06:48,17.60849380493164
12:06:49,17.60849380493164
12:06:50,17.60849380493164
12:06:50,17.60849380493164
12:06:51,17.60849380493164
12:06:51,17.60849380493164
12:06:52,17.60849380493164
12:06:52,17.588350296020508
12:06:53,17.60849380493164
12:06:53,17.60849380493164
12:06:54,17.588350296020508
12:06:54,17.60849380493164
12:06:55,17.588350296020508
12:06:55,17.60849380493164
12:06:56,17.60849380493164
12:06:56,17.60849380493164
12:06:57,17.60849380493164
12:06:58,17.60849380493164
12:06:58,17.60849380493164
12:06:59,17.60849380493164
12:06:59,17.60849380493164
12:07:00,17.60849380493164
12:07:00,17.61856460571289
12:07:01,17.60849380493164
12:07:01,17.60849380493164
12:07:02,17.60849380493164
12:07:02,17.60849380493164
12:07:03,17.60849380493164
12:07:03,17.60849380493164
12:07:04,17.60849380493164
12:07:05,17.60849380493164
12:07:05,17.588350296020508
12:07:06,17.588350296020508
12:07:06,17.60849380493164
12:07:07,17.588350296020508
12:07:07,17.60849380493164
12:07:08,17.60849380493164
12:07:08,17.60849380493164
12:07:09,17.60849380493164
12:07:09,17.60849380493164
12:07:10,17.588350296020508
12:07:10,17.60849380493164
12:07:11,17.60849380493164
12:07:12,17.588350296020508
12:07:12,17.60849380493164
12:07:13,17.60849380493164
12:07:13,17.60849380493164
12:07:14,17.60849380493164
12:07:14,17.588350296020508
12:07:15,17.60849380493164
12:07:15,17.588350296020508
12:07:16,17.588350296020508
12:07:16,17.588350296020508
12:07:17,17.60849380493164
12:07:17,17.60849380493164
12:07:18,17.60849380493164
12:07:19,17.60849380493164
12:07:19,17.60849380493164
12:07:20,17.60849380493164
12:07:20,17.60849380493164
12:07:21,17.60849380493164
12:07:21,17.588350296020508
12:07:22,17.60849380493164
12:07:22,17.60849380493164
12:07:23,17.588350296020508
12:07:23,17.60849380493164
12:07:24,17.60849380493164
12:07:24,17.60849380493164
12:07:25,17.60849380493164
12:07:26,17.60849380493164
12:07:26,17.60849380493164
12:07:27,17.60849380493164
12:07:27,17.60849380493164
12:07:28,17.588350296020508
12:07:28,17.60849380493164
12:07:29,17.588350296020508
12:07:29,17.60849380493164
12:07:30,17.588350296020508
12:07:30,17.60849380493164
12:07:31,17.60849380493164
12:07:31,17.588350296020508
12:07:32,17.588350296020508
12:07:32,17.588350296020508
12:07:33,17.588350296020508
12:07:34,17.588350296020508
12:07:34,17.60849380493164
12:07:35,17.588350296020508
12:07:35,17.60849380493164
12:07:36,17.588350296020508
12:07:36,17.588350296020508
12:07:37,17.588350296020508
12:07:37,17.588350296020508
12:07:38,17.60849380493164
12:07:38,17.60849380493164
12:07:39,17.588350296020508
12:07:39,17.60849380493164
12:07:40,17.588350296020508
12:07:41,17.588350296020508
12:07:41,17.588350296020508
12:07:42,17.60849380493164
12:07:42,17.60849380493164
12:07:43,17.60849380493164
12:07:43,17.588350296020508
12:07:44,17.588350296020508
12:07:44,17.588350296020508
12:07:45,17.588350296020508
12:07:45,17.588350296020508
12:07:46,17.588350296020508
12:07:46,17.588350296020508
12:07:47,17.588350296020508
12:07:48,17.588350296020508
12:07:48,17.588350296020508
12:07:49,17.588350296020508
12:07:49,17.588350296020508
12:07:50,17.588350296020508
12:07:50,17.588350296020508
12:07:51,17.60849380493164
12:07:51,17.60849380493164
12:07:52,17.588350296020508
12:07:52,17.60849380493164
12:07:53,17.60849380493164
12:07:53,17.60849380493164
12:07:54,17.60849380493164
12:07:54,17.60849380493164
12:07:55,17.588350296020508
12:07:56,17.60849380493164
12:07:56,17.588350296020508
12:07:57,17.60849380493164
12:07:57,17.588350296020508
12:07:58,17.60849380493164
12:07:58,17.588350296020508
12:07:59,17.588350296020508
12:07:59,17.588350296020508
12:08:00,17.60849380493164
12:08:00,17.588350296020508
12:08:01,17.588350296020508
12:08:01,17.588350296020508
12:08:02,17.588350296020508
12:08:03,17.588350296020508
12:08:03,17.578279495239258
12:08:04,17.588350296020508
12:08:04,17.578279495239258
12:08:05,17.588350296020508
12:08:05,17.588350296020508
12:08:06,17.60849380493164
12:08:06,17.588350296020508
12:08:07,17.588350296020508
12:08:07,17.588350296020508
12:08:08,17.588350296020508
12:08:08,17.578279495239258
12:08:09,17.578279495239258
12:08:10,17.588350296020508
12:08:10,17.578279495239258
12:08:11,17.578279495239258
12:08:11,17.588350296020508
12:08:12,17.588350296020508
12:08:12,17.588350296020508
12:08:13,17.588350296020508
12:08:13,17.588350296020508
12:08:14,17.588350296020508
12:08:14,17.578279495239258
12:08:15,17.578279495239258
12:08:15,17.588350296020508
12:08:16,17.588350296020508
12:08:17,17.588350296020508
12:08:17,17.588350296020508
12:08:18,17.588350296020508
12:08:18,17.588350296020508
12:08:19,17.578279495239258
12:08:19,17.578279495239258
12:08:20,17.588350296020508
12:08:20,17.578279495239258
12:08:21,17.588350296020508
12:08:21,17.578279495239258
12:08:22,17.588350296020508
12:08:22,17.588350296020508
12:08:23,17.588350296020508
12:08:24,17.588350296020508
12:08:24,17.588350296020508
12:08:25,17.588350296020508
12:08:25,17.588350296020508
12:08:26,17.588350296020508
12:08:26,17.588350296020508
12:08:27,17.578279495239258
12:08:27,17.578279495239258
12:08:28,17.578279495239258
12:08:28,17.578279495239258
12:08:29,17.578279495239258
12:08:30,17.578279495239258
12:08:30,17.578279495239258
12:08:31,17.578279495239258
12:08:32,17.578279495239258
12:08:32,17.578279495239258
12:08:33,17.588350296020508
12:08:33,17.588350296020508
12:08:34,17.578279495239258
12:08:34,17.578279495239258
12:08:35,17.578279495239258
12:08:35,17.588350296020508
12:08:36,17.578279495239258
12:08:36,17.578279495239258
12:08:37,17.588350296020508
12:08:37,17.578279495239258
12:08:38,17.578279495239258
12:08:39,17.568208694458008
12:08:39,17.588350296020508
12:08:40,17.578279495239258
12:08:40,17.578279495239258
12:08:41,17.578279495239258
12:08:41,17.578279495239258
12:08:42,17.578279495239258
12:08:42,17.578279495239258
12:08:43,17.578279495239258
12:08:43,17.588350296020508
12:08:44,17.588350296020508
12:08:44,17.578279495239258
12:08:45,17.588350296020508
12:08:46,17.578279495239258
12:08:46,17.578279495239258
12:08:47,17.578279495239258
12:08:47,17.588350296020508
12:08:48,17.588350296020508
12:08:48,17.578279495239258
12:08:49,17.578279495239258
12:08:49,17.578279495239258
12:08:50,17.588350296020508
12:08:50,17.568208694458008
12:08:51,17.578279495239258
12:08:51,17.578279495239258
12:08:52,17.578279495239258
12:08:53,17.578279495239258
12:08:53,17.568208694458008
12:08:54,17.568208694458008
12:08:54,17.578279495239258
12:08:55,17.568208694458008
12:08:55,17.578279495239258
12:08:56,17.578279495239258
12:08:56,17.578279495239258
12:08:57,17.578279495239258
12:08:57,17.568208694458008
12:08:58,17.578279495239258
12:08:58,17.578279495239258
12:08:59,17.578279495239258
12:09:00,17.568208694458008
12:09:00,17.568208694458008
12:09:01,17.578279495239258
12:09:01,17.578279495239258
12:09:02,17.578279495239258
12:09:02,17.578279495239258
12:09:03,17.578279495239258
12:09:03,17.578279495239258
12:09:04,17.568208694458008
12:09:04,17.578279495239258
12:09:05,17.578279495239258
12:09:05,17.568208694458008
12:09:06,17.568208694458008
12:09:06,17.568208694458008
12:09:07,17.578279495239258
12:09:08,17.568208694458008
12:09:08,17.578279495239258
12:09:09,17.568208694458008
12:09:09,17.578279495239258
12:09:10,17.568208694458008
12:09:10,17.568208694458008
12:09:11,17.578279495239258
12:09:11,17.578279495239258
12:09:12,17.578279495239258
12:09:12,17.568208694458008
12:09:13,17.578279495239258
12:09:13,17.578279495239258
12:09:14,17.578279495239258
12:09:15,17.568208694458008
12:09:15,17.568208694458008
12:09:16,17.578279495239258
12:09:16,17.548065185546875
12:09:17,17.578279495239258
12:09:17,17.578279495239258
12:09:18,17.578279495239258
12:09:18,17.568208694458008
12:09:19,17.568208694458008
12:09:19,17.568208694458008
12:09:20,17.578279495239258
12:09:20,17.568208694458008
12:09:21,17.568208694458008
12:09:22,17.568208694458008
12:09:22,17.578279495239258
12:09:23,17.578279495239258
12:09:23,17.568208694458008
12:09:24,17.578279495239258
12:09:24,17.568208694458008
12:09:25,17.568208694458008
12:09:25,17.568208694458008
12:09:26,17.548065185546875
12:09:26,17.568208694458008
12:09:27,17.568208694458008
12:09:27,17.568208694458008
12:09:28,17.568208694458008
12:09:29,17.578279495239258
12:09:29,17.578279495239258
12:09:30,17.568208694458008
12:09:30,17.568208694458008
12:09:31,17.578279495239258
12:09:31,17.568208694458008
12:09:32,17.568208694458008
12:09:32,17.568208694458008
12:09:33,17.568208694458008
12:09:33,17.568208694458008
12:09:34,17.568208694458008
12:09:34,17.568208694458008
12:09:35,17.568208694458008
12:09:35,17.568208694458008
12:09:36,17.568208694458008
12:09:37,17.578279495239258
12:09:37,17.568208694458008
12:09:38,17.568208694458008
12:09:38,17.578279495239258
12:09:39,17.568208694458008
12:09:39,17.568208694458008
12:09:40,17.578279495239258
12:09:40,17.568208694458008
12:09:41,17.578279495239258
12:09:41,17.568208694458008
12:09:42,17.578279495239258
12:09:42,17.568208694458008
12:09:43,17.568208694458008
12:09:44,17.578279495239258
12:09:44,17.568208694458008
12:09:45,17.568208694458008
12:09:45,17.568208694458008
12:09:46,17.578279495239258
12:09:46,17.568208694458008
12:09:47,17.568208694458008
12:09:47,17.568208694458008
12:09:48,17.578279495239258
12:09:48,17.568208694458008
12:09:49,17.568208694458008
12:09:49,17.568208694458008
12:09:50,17.568208694458008
12:09:50,17.568208694458008
12:09:51,17.548065185546875
12:09:52,17.568208694458008
12:09:52,17.568208694458008
12:09:53,17.568208694458008
12:09:53,17.568208694458008
12:09:54,17.548065185546875
12:09:54,17.568208694458008
12:09:55,17.568208694458008
12:09:55,17.568208694458008
12:09:56,17.548065185546875
12:09:56,17.568208694458008
12:09:57,17.548065185546875
12:09:57,17.568208694458008
12:09:58,17.548065185546875
12:09:59,17.568208694458008
12:09:59,17.548065185546875
12:10:00,17.548065185546875
12:10:00,17.548065185546875
12:10:01,17.548065185546875
12:10:01,17.548065185546875
12:10:02,17.548065185546875
12:10:02,17.548065185546875
12:10:03,17.568208694458008
12:10:03,17.568208694458008
12:10:04,17.548065185546875
12:10:04,17.548065185546875
12:10:05,17.548065185546875
12:10:06,17.548065185546875
12:10:06,17.548065185546875
12:10:07,17.548065185546875
12:10:07,17.568208694458008
12:10:08,17.568208694458008
12:10:08,17.548065185546875
12:10:09,17.548065185546875
12:10:09,17.548065185546875
12:10:10,17.548065185546875
12:10:10,17.548065185546875
12:10:11,17.548065185546875
12:10:11,17.548065185546875
12:10:12,17.548065185546875
12:10:13,17.537994384765625
12:10:13,17.548065185546875
12:10:14,17.548065185546875
12:10:14,17.548065185546875
12:10:15,17.548065185546875
12:10:15,17.548065185546875
12:10:16,17.568208694458008
12:10:16,17.548065185546875
12:10:17,17.548065185546875
12:10:17,17.548065185546875
12:10:18,17.548065185546875
12:10:18,17.548065185546875
12:10:19,17.548065185546875
12:10:20,17.548065185546875
12:10:20,17.548065185546875
12:10:21,17.548065185546875
12:10:21,17.548065185546875
12:10:22,17.548065185546875
12:10:22,17.548065185546875
12:10:23,17.548065185546875
12:10:23,17.548065185546875
12:10:24,17.537994384765625
12:10:24,17.568208694458008
12:10:25,17.548065185546875
12:10:25,17.568208694458008
12:10:26,17.568208694458008
12:10:27,17.548065185546875
12:10:27,17.548065185546875
12:10:28,17.548065185546875
12:10:28,17.568208694458008
12:10:29,17.548065185546875
12:10:29,17.548065185546875
12:10:30,17.548065185546875
12:10:30,17.568208694458008
12:10:31,17.548065185546875
12:10:31,17.568208694458008
12:10:32,17.548065185546875
12:10:32,17.548065185546875
12:10:33,17.568208694458008
12:10:33,17.568208694458008
12:10:34,17.548065185546875
12:10:35,17.548065185546875
12:10:35,17.568208694458008
12:10:36,17.568208694458008
12:10:36,17.568208694458008
12:10:37,17.568208694458008
12:10:37,17.548065185546875
12:10:38,17.548065185546875
12:10:38,17.548065185546875
12:10:39,17.568208694458008
12:10:39,17.568208694458008
12:10:40,17.568208694458008
12:10:40,17.568208694458008
12:10:41,17.568208694458008
12:10:42,17.568208694458008
12:10:42,17.568208694458008
12:10:43,17.568208694458008
12:10:43,17.548065185546875
12:10:44,17.568208694458008
12:10:44,17.548065185546875
12:10:45,17.568208694458008
12:10:45,17.568208694458008
12:10:46,17.548065185546875
12:10:46,17.568208694458008
12:10:47,17.548065185546875
12:10:47,17.568208694458008
12:10:48,17.548065185546875
12:10:49,17.568208694458008
12:10:49,17.568208694458008
12:10:50,17.568208694458008
12:10:50,17.548065185546875
12:10:51,17.548065185546875
12:10:51,17.548065185546875
12:10:52,17.568208694458008
12:10:52,17.548065185546875
12:10:53,17.568208694458008
12:10:53,17.548065185546875
12:10:54,17.568208694458008
12:10:54,17.568208694458008
12:10:55,17.537994384765625
12:10:55,17.548065185546875
12:10:56,17.548065185546875
12:10:57,17.548065185546875
12:10:57,17.568208694458008
12:10:58,17.568208694458008
12:10:58,17.548065185546875
12:10:59,17.548065185546875
12:10:59,17.548065185546875
16:20:19,18.81706428527832
16:20:19,18.81706428527832
16:20:20,18.81706428527832
16:20:20,18.82713508605957
16:20:21,18.82713508605957
16:20:21,18.82713508605957
16:20:22,18.82713508605957
16:20:22,18.847278594970703
16:20:23,18.82713508605957
16:20:23,18.847278594970703
16:20:24,18.82713508605957
16:20:24,18.847278594970703
16:20:25,18.82713508605957
16:20:26,18.82713508605957
16:20:26,18.82713508605957
16:20:27,18.82713508605957
16:20:27,18.82713508605957
16:20:28,18.81706428527832
16:20:28,18.82713508605957
16:20:29,18.82713508605957
16:20:29,18.82713508605957
16:20:30,18.82713508605957
16:20:30,18.847278594970703
16:20:31,18.82713508605957
16:20:31,18.82713508605957
16:20:32,18.81706428527832
16:20:32,18.81706428527832
16:20:33,18.81706428527832
16:20:34,18.82713508605957
16:20:34,18.82713508605957
16:20:35,18.81706428527832
16:20:35,18.81706428527832
16:20:36,18.81706428527832
16:20:36,18.81706428527832
16:20:37,18.81706428527832
16:20:37,18.81706428527832
16:20:38,18.81706428527832
16:20:38,18.81706428527832
16:20:39,18.82713508605957
16:20:39,18.81706428527832
16:20:40,18.81706428527832
16:20:41,18.81706428527832
16:20:41,18.796920776367188
16:20:42,18.796920776367188
16:20:42,18.796920776367188
16:20:43,18.796920776367188
16:20:43,18.81706428527832
16:20:44,18.796920776367188
16:20:44,18.796920776367188
16:20:45,18.81706428527832
16:20:45,18.796920776367188
16:20:46,18.81706428527832
16:20:46,18.796920776367188
16:20:47,18.796920776367188
16:20:48,18.796920776367188
16:20:48,18.796920776367188
16:20:49,18.81706428527832
16:20:49,18.796920776367188
16:20:50,18.796920776367188
16:20:50,18.796920776367188
16:20:51,18.796920776367188
16:20:51,18.786849975585938
16:20:52,18.81706428527832
16:20:52,18.796920776367188
16:20:53,18.796920776367188
16:20:53,18.796920776367188
16:20:54,18.786849975585938
16:20:55,18.786849975585938
16:20:55,18.796920776367188
16:20:56,18.786849975585938
16:20:56,18.786849975585938
16:20:57,18.786849975585938
16:20:57,18.786849975585938
16:20:58,18.786849975585938
16:20:58,18.776777267456055
16:20:59,18.786849975585938
16:20:59,18.786849975585938
16:21:00,18.786849975585938
16:21:00,18.786849975585938
16:21:01,18.786849975585938
16:21:02,18.776777267456055
16:21:02,18.776777267456055
16:21:03,18.776777267456055
16:21:03,18.776777267456055
16:21:04,18.786849975585938
16:21:04,18.756635665893555
16:21:05,18.776777267456055
16:21:05,18.776777267456055
16:21:06,18.786849975585938
16:21:06,18.776777267456055
16:21:07,18.776777267456055
16:21:07,18.776777267456055
16:21:08,18.776777267456055
16:21:08,18.776777267456055
16:21:09,18.776777267456055
16:21:10,18.776777267456055
16:21:10,18.756635665893555
16:21:11,18.756635665893555
16:21:11,18.776777267456055
16:21:12,18.776777267456055
16:21:12,18.786849975585938
16:21:13,18.776777267456055
16:21:13,18.776777267456055
16:21:14,18.756635665893555
16:21:14,18.776777267456055
16:21:15,18.776777267456055
16:21:15,18.756635665893555
16:21:16,18.776777267456055
16:21:17,18.776777267456055
16:21:17,18.756635665893555
16:21:18,18.776777267456055
16:21:18,18.776777267456055
16:21:19,18.776777267456055
16:21:19,18.776777267456055
16:21:20,18.756635665893555
16:21:20,18.756635665893555
16:21:21,18.776777267456055
16:21:21,18.756635665893555
16:21:22,18.776777267456055
16:21:22,18.756635665893555
16:21:23,18.776777267456055
16:21:24,18.776777267456055
16:21:24,18.756635665893555
16:21:25,18.756635665893555
16:21:25,18.756635665893555
16:21:26,18.756635665893555
16:21:26,18.756635665893555
16:21:27,18.746562957763672
16:21:27,18.756635665893555
16:21:28,18.756635665893555
16:21:28,18.756635665893555
16:21:29,18.776777267456055
16:21:29,18.756635665893555
16:21:30,18.756635665893555
16:21:31,18.756635665893555
16:21:31,18.746562957763672
16:21:32,18.746562957763672
16:21:32,18.746562957763672
16:21:33,18.756635665893555
16:21:33,18.756635665893555
16:21:34,18.756635665893555
16:21:34,18.756635665893555
16:21:35,18.756635665893555
16:21:35,18.756635665893555
16:21:36,18.756635665893555
16:21:36,18.756635665893555
16:21:37,18.746562957763672
16:21:37,18.756635665893555
16:21:38,18.746562957763672
16:21:39,18.746562957763672
16:21:39,18.746562957763672
16:21:40,18.746562957763672
16:21:40,18.746562957763672
16:21:41,18.746562957763672
16:21:41,18.756635665893555
16:21:42,18.746562957763672
16:21:42,18.746562957763672
16:21:43,18.746562957763672
16:21:43,18.746562957763672
16:21:44,18.756635665893555
16:21:44,18.756635665893555
16:21:45,18.756635665893555
16:21:46,18.746562957763672
16:21:46,18.746562957763672
16:21:47,18.736492156982422
16:21:47,18.746562957763672
16:21:48,18.746562957763672
16:21:48,18.746562957763672
16:21:49,18.746562957763672
16:21:49,18.746562957763672
16:21:50,18.736492156982422
16:21:50,18.746562957763672
16:21:51,18.746562957763672
16:21:51,18.736492156982422
16:21:52,18.736492156982422
16:21:53,18.746562957763672
16:21:53,18.736492156982422
16:21:54,18.736492156982422
16:21:54,18.736492156982422
16:21:55,18.736492156982422
16:21:55,18.746562957763672
16:21:56,18.736492156982422
16:21:56,18.736492156982422
16:21:57,18.736492156982422
16:21:57,18.736492156982422
16:21:58,18.736492156982422
16:21:58,18.736492156982422
16:21:59,18.736492156982422
16:21:59,18.736492156982422
16:22:00,18.736492156982422
16:22:01,18.736492156982422
16:22:01,18.736492156982422
16:22:02,18.736492156982422
16:22:02,18.736492156982422
16:22:03,18.736492156982422
16:22:03,18.736492156982422
16:22:04,18.71634864807129
16:22:04,18.71634864807129
16:22:05,18.736492156982422
16:22:05,18.736492156982422
16:22:06,18.736492156982422
16:22:06,18.736492156982422
16:22:07,18.746562957763672
16:22:08,18.71634864807129
16:22:08,18.71634864807129
16:22:09,18.71634864807129
16:22:09,18.71634864807129
16:22:10,18.71634864807129
16:22:10,18.71634864807129
16:22:11,18.736492156982422
16:22:11,18.736492156982422
16:22:12,18.736492156982422
16:22:12,18.736492156982422
16:22:13,18.736492156982422
16:22:13,18.71634864807129
16:22:14,18.71634864807129
16:22:15,18.71634864807129
16:22:15,18.70627784729004
16:22:16,18.71634864807129
16:22:16,18.736492156982422
16:22:17,18.71634864807129
16:22:17,18.71634864807129
16:22:18,18.71634864807129
16:22:18,18.71634864807129
16:22:19,18.736492156982422
16:22:19,18.71634864807129
16:22:20,18.71634864807129
16:22:20,18.71634864807129
16:22:21,18.71634864807129
16:22:22,18.70627784729004
16:22:22,18.71634864807129
16:22:23,18.71634864807129
16:22:23,18.70627784729004
16:22:24,18.70627784729004
16:22:24,18.71634864807129
16:22:25,18.71634864807129
16:22:25,18.70627784729004
16:22:26,18.70627784729004
16:22:26,18.70627784729004
16:22:27,18.70627784729004
16:22:27,18.70627784729004
16:22:28,18.70627784729004
16:22:29,18.70627784729004
16:22:29,18.686134338378906
16:22:30,18.70627784729004
16:22:30,18.70627784729004
16:22:31,18.70627784729004
16:22:31,18.686134338378906
16:22:32,18.70627784729004
16:22:32,18.70627784729004
16:22:33,18.686134338378906
16:22:33,18.686134338378906
16:22:34,18.70627784729004
16:22:34,18.70627784729004
16:22:35,18.686134338378906
16:22:35,18.70627784729004
16:22:36,18.686134338378906
16:22:37,18.686134338378906
16:22:37,18.686134338378906
16:22:38,18.676063537597656
16:22:38,18.686134338378906
16:22:39,18.686134338378906
16:22:39,18.686134338378906
16:22:40,18.686134338378906
16:22:40,18.665992736816406
16:22:41,18.686134338378906
16:22:41,18.676063537597656
16:22:42,18.676063537597656
16:22:42,18.676063537597656
16:22:43,18.676063537597656
16:22:44,18.676063537597656
16:22:44,18.676063537597656
16:22:45,18.676063537597656
16:22:45,18.676063537597656
16:22:46,18.676063537597656
16:22:46,18.676063537597656
16:22:47,18.676063537597656
16:22:47,18.676063537597656
16:22:48,18.676063537597656
16:22:48,18.676063537597656
16:22:49,18.676063537597656
16:22:49,18.665992736816406
16:22:50,18.676063537597656
16:22:51,18.676063537597656
16:22:51,18.665992736816406
16:22:52,18.665992736816406
16:22:52,18.665992736816406
16:22:53,18.676063537597656
16:22:53,18.676063537597656
16:22:54,18.665992736816406
16:22:54,18.665992736816406
16:22:55,18.665992736816406
16:22:55,18.676063537597656
16:22:56,18.676063537597656
16:22:56,18.665992736816406
16:22:57,18.665992736816406
16:22:57,18.645849227905273
16:22:58,18.665992736816406
16:22:59,18.645849227905273
16:22:59,18.645849227905273
16:23:00,18.665992736816406
16:23:00,18.665992736816406
16:23:01,18.665992736816406
16:23:01,18.676063537597656
16:23:02,18.645849227905273
16:23:02,18.665992736816406
16:23:03,18.665992736816406
16:23:03,18.645849227905273
16:23:04,18.665992736816406
16:23:04,18.665992736816406
16:23:05,18.665992736816406
16:23:06,18.665992736816406
16:23:06,18.665992736816406
16:23:07,18.665992736816406
16:23:07,18.645849227905273
16:23:08,18.665992736816406
16:23:08,18.645849227905273
16:23:09,18.635778427124023
16:23:09,18.645849227905273
16:23:10,18.645849227905273
16:23:10,18.645849227905273
16:23:11,18.645849227905273
16:23:11,18.645849227905273
16:23:12,18.645849227905273
16:23:13,18.645849227905273
16:23:13,18.645849227905273
16:23:14,18.635778427124023
16:23:14,18.645849227905273
16:23:15,18.645849227905273
16:23:15,18.645849227905273
16:23:16,18.645849227905273
16:23:16,18.645849227905273
16:23:17,18.645849227905273
16:23:17,18.645849227905273
16:23:18,18.645849227905273
16:23:18,18.635778427124023
16:23:19,18.635778427124023
16:23:20,18.635778427124023
16:23:20,18.635778427124023
16:23:21,18.635778427124023
16:23:21,18.635778427124023
16:23:22,18.635778427124023
16:23:22,18.635778427124023
16:23:23,18.625707626342773
16:23:23,18.635778427124023
16:23:24,18.635778427124023
16:23:24,18.635778427124023
16:23:25,18.635778427124023
16:23:25,18.635778427124023
16:23:26,18.635778427124023
16:23:26,18.635778427124023
16:23:27,18.635778427124023
16:23:28,18.635778427124023
16:23:28,18.625707626342773
16:23:29,18.635778427124023
16:23:29,18.635778427124023
16:23:30,18.625707626342773
16:23:30,18.625707626342773
16:23:31,18.635778427124023
16:23:31,18.625707626342773
16:23:32,18.625707626342773
16:23:32,18.625707626342773
16:23:33,18.625707626342773
16:23:33,18.625707626342773
16:23:34,18.625707626342773
16:23:35,18.625707626342773
16:23:35,18.635778427124023
16:23:36,18.625707626342773
16:23:36,18.635778427124023
16:23:37,18.625707626342773
16:23:37,18.625707626342773
16:23:38,18.625707626342773
16:23:38,18.625707626342773
16:23:39,18.625707626342773
16:23:39,18.625707626342773
16:23:40,18.60556411743164
16:23:40,18.60556411743164
16:23:41,18.60556411743164
16:23:42,18.60556411743164
16:23:42,18.60556411743164
16:23:43,18.60556411743164
16:23:43,18.59549331665039
16:23:44,18.59549331665039
16:23:44,18.60556411743164
16:23:45,18.625707626342773
16:23:45,18.60556411743164
16:23:46,18.60556411743164
16:23:46,18.625707626342773
16:23:47,18.59549331665039
16:23:47,18.60556411743164
16:23:48,18.60556411743164
16:23:49,18.60556411743164
16:23:49,18.59549331665039
16:23:50,18.60556411743164
16:23:50,18.60556411743164
16:23:51,18.60556411743164
16:23:51,18.60556411743164
16:23:52,18.60556411743164
16:23:52,18.60556411743164
16:23:53,18.59549331665039
16:23:53,18.60556411743164
16:23:54,18.59549331665039
16:23:54,18.60556411743164
16:23:55,18.59549331665039
16:23:55,18.60556411743164
16:23:56,18.59549331665039
16:23:57,18.59549331665039
16:23:57,18.625707626342773
16:23:58,18.60556411743164
16:23:58,18.60556411743164
16:23:59,18.60556411743164
16:23:59,18.59549331665039
16:24:00,18.59549331665039
16:24:00,18.59549331665039
16:24:01,18.59549331665039
16:24:01,18.59549331665039
16:24:02,18.59549331665039
16:24:02,18.59549331665039
16:24:03,18.59549331665039
16:24:04,18.59549331665039
16:24:04,18.59549331665039
16:24:05,18.59549331665039
16:24:05,18.59549331665039
16:24:06,18.59549331665039
16:24:06,18.59549331665039
16:24:07,18.585420608520508
16:24:07,18.59549331665039
16:24:08,18.59549331665039
16:24:08,18.59549331665039
16:24:09,18.585420608520508
16:24:09,18.585420608520508
16:24:10,18.59549331665039
16:24:11,18.59549331665039
16:24:11,18.59549331665039
16:24:12,18.59549331665039
16:24:12,18.59549331665039
16:24:13,18.585420608520508
16:24:13,18.59549331665039
16:24:14,18.585420608520508
16:24:14,18.585420608520508
16:24:15,18.585420608520508
16:24:15,18.585420608520508
16:24:16,18.585420608520508
16:24:16,18.585420608520508
16:24:17,18.59549331665039
16:24:17,18.585420608520508
16:24:18,18.585420608520508
16:24:19,18.585420608520508
16:24:19,18.59549331665039
16:24:20,18.585420608520508
16:24:20,18.585420608520508
16:24:21,18.555206298828125
16:24:21,18.585420608520508
16:24:22,18.555206298828125
16:24:22,18.585420608520508
16:24:23,18.585420608520508
16:24:23,18.585420608520508
16:24:24,18.555206298828125
16:24:24,18.545135498046875
16:24:25,18.545135498046875
16:24:26,18.555206298828125
16:24:26,18.555206298828125
16:24:27,18.555206298828125
16:24:27,18.555206298828125
16:24:28,18.585420608520508
16:24:28,18.555206298828125
16:24:29,18.585420608520508
16:24:29,18.555206298828125
16:24:30,18.585420608520508
16:24:30,18.585420608520508
16:24:31,18.555206298828125
16:24:31,18.555206298828125
16:24:32,18.555206298828125
16:24:33,18.555206298828125
16:24:33,18.555206298828125
16:24:34,18.555206298828125
16:24:34,18.555206298828125
16:24:35,18.555206298828125
16:24:35,18.555206298828125
16:24:36,18.585420608520508
16:24:36,18.585420608520508
16:24:37,18.555206298828125
16:24:37,18.555206298828125
16:24:38,18.555206298828125
16:24:38,18.555206298828125
16:24:39,18.555206298828125
16:24:40,18.555206298828125
16:24:40,18.555206298828125
16:24:41,18.545135498046875
16:24:41,18.555206298828125
16:24:42,18.585420608520508
16:24:42,18.555206298828125
16:24:43,18.555206298828125
16:24:43,18.545135498046875
16:24:44,18.545135498046875
16:24:44,18.555206298828125
16:24:45,18.545135498046875
16:24:45,18.545135498046875
16:24:46,18.524991989135742
16:24:46,18.555206298828125
16:24:47,18.545135498046875
16:24:48,18.545135498046875
16:24:48,18.545135498046875
16:24:49,18.545135498046875
16:24:49,18.524991989135742
16:24:50,18.524991989135742
16:24:50,18.524991989135742
16:24:51,18.524991989135742
16:24:51,18.545135498046875
16:24:52,18.545135498046875
16:24:52,18.545135498046875
16:24:53,18.555206298828125
16:24:53,18.545135498046875
16:24:54,18.545135498046875
16:24:55,18.545135498046875
16:24:55,18.524991989135742
16:24:56,18.545135498046875
16:24:56,18.545135498046875
16:24:57,18.524991989135742
16:24:57,18.545135498046875
16:24:58,18.524991989135742
16:24:58,18.514921188354492
16:24:59,18.524991989135742
16:24:59,18.524991989135742
16:25:00,18.524991989135742
16:25:00,18.524991989135742
16:25:01,18.545135498046875
16:25:02,18.524991989135742
16:25:02,18.524991989135742
16:25:03,18.514921188354492
16:25:03,18.524991989135742
16:25:04,18.524991989135742
16:25:04,18.545135498046875
16:25:05,18.524991989135742
16:25:05,18.545135498046875
16:25:06,18.514921188354492
16:25:06,18.514921188354492
16:25:07,18.524991989135742
16:25:07,18.514921188354492
16:25:08,18.524991989135742
16:25:08,18.524991989135742
16:25:09,18.524991989135742
16:25:10,18.514921188354492
16:25:10,18.514921188354492
16:25:11,18.524991989135742
16:25:11,18.524991989135742
16:25:12,18.514921188354492
16:25:12,18.545135498046875
16:25:13,18.514921188354492
16:25:13,18.514921188354492
16:25:14,18.524991989135742
16:25:14,18.514921188354492
16:25:15,18.514921188354492
16:25:15,18.514921188354492
16:25:16,18.524991989135742
16:25:17,18.524991989135742
16:25:18,18.514921188354492
16:25:18,18.514921188354492
16:25:19,18.524991989135742
16:25:19,18.524991989135742
16:25:19,18.524991989135742
16:25:20,18.524991989135742
16:25:20,18.524991989135742
16:25:21,18.514921188354492
16:25:21,18.524991989135742
16:25:22,18.514921188354492
16:25:22,18.514921188354492
16:25:23,18.514921188354492
16:25:24,18.514921188354492
16:25:24,18.524991989135742
16:25:25,18.514921188354492
16:25:25,18.514921188354492
16:25:26,18.514921188354492
16:25:26,18.504850387573242
16:25:27,18.514921188354492
16:25:27,18.504850387573242
16:25:28,18.504850387573242
16:25:28,18.504850387573242
16:25:29,18.504850387573242
16:25:29,18.504850387573242
16:25:30,18.504850387573242
16:25:31,18.514921188354492
16:25:31,18.504850387573242
16:25:32,18.514921188354492
16:25:32,18.504850387573242
16:25:33,18.504850387573242
16:25:33,18.48470687866211
16:25:34,18.504850387573242
16:25:34,18.504850387573242
16:25:35,18.48470687866211
16:25:35,18.504850387573242
16:25:36,18.48470687866211
16:25:36,18.48470687866211
16:25:37,18.504850387573242
16:25:38,18.504850387573242
16:25:38,18.514921188354492
16:25:39,18.504850387573242
16:25:39,18.48470687866211
16:25:40,18.48470687866211
16:25:40,18.504850387573242
16:25:41,18.504850387573242
16:25:41,18.504850387573242
16:25:42,18.504850387573242
16:25:42,18.48470687866211
16:25:43,18.48470687866211
16:25:43,18.504850387573242
16:25:44,18.48470687866211
16:25:44,18.48470687866211
16:25:45,18.48470687866211
16:25:46,18.504850387573242
16:25:46,18.48470687866211
16:25:47,18.48470687866211
16:25:47,18.48470687866211
16:25:48,18.48470687866211
16:25:48,18.48470687866211
16:25:49,18.504850387573242
16:25:49,18.48470687866211
16:25:50,18.48470687866211
16:25:50,18.48470687866211
16:25:51,18.48470687866211
16:25:51,18.47463607788086
16:25:52,18.48470687866211
16:25:53,18.48470687866211
16:25:53,18.48470687866211
16:25:54,18.48470687866211
16:25:54,18.48470687866211
16:25:55,18.48470687866211
16:25:55,18.48470687866211
16:25:56,18.47463607788086
16:25:56,18.47463607788086
16:25:57,18.47463607788086
16:25:57,18.48470687866211
16:25:58,18.48470687866211
16:25:59,18.47463607788086
16:26:00,18.48470687866211
16:26:00,18.48470687866211
16:26:01,18.48470687866211
16:26:01,18.48470687866211
16:26:02,18.48470687866211
16:26:02,18.48470687866211
16:26:03,18.48470687866211
16:26:03,18.47463607788086
16:26:04,18.48470687866211
16:26:04,18.48470687866211
16:26:05,18.47463607788086
16:26:05,18.47463607788086
16:26:06,18.47463607788086
16:26:07,18.47463607788086
16:26:07,18.48470687866211
16:26:08,18.47463607788086
16:26:08,18.48470687866211
16:26:09,18.48470687866211
16:26:09,18.47463607788086
16:26:10,18.47463607788086
16:26:10,18.47463607788086
16:26:11,18.47463607788086
16:26:11,18.48470687866211
16:26:12,18.47463607788086
16:26:12,18.48470687866211
16:26:13,18.47463607788086
16:26:13,18.47463607788086
16:26:14,18.47463607788086
16:26:15,18.47463607788086
16:26:15,18.464563369750977
16:26:16,18.47463607788086
16:26:16,18.47463607788086
16:26:17,18.47463607788086
16:26:18,18.464563369750977
16:26:18,18.47463607788086
16:26:19,18.464563369750977
16:26:19,18.464563369750977
16:26:19,18.47463607788086
16:26:20,18.47463607788086
16:26:20,18.464563369750977
16:26:21,18.464563369750977
16:26:22,18.464563369750977
16:26:22,18.464563369750977
16:26:23,18.464563369750977
16:26:23,18.47463607788086
16:26:24,18.464563369750977
16:26:24,18.464563369750977
16:26:25,18.444421768188477
16:26:25,18.464563369750977
16:26:26,18.464563369750977
16:26:26,18.464563369750977
16:26:27,18.464563369750977
16:26:27,18.464563369750977
16:26:28,18.464563369750977
16:26:29,18.47463607788086
16:26:29,18.464563369750977
16:26:30,18.464563369750977
16:26:30,18.464563369750977
16:26:31,18.464563369750977
16:26:31,18.444421768188477
16:26:32,18.444421768188477
16:26:32,18.444421768188477
16:26:33,18.444421768188477
16:26:33,18.444421768188477
16:26:34,18.444421768188477
16:26:34,18.464563369750977
16:26:35,18.444421768188477
16:26:36,18.464563369750977
16:26:36,18.444421768188477
16:26:37,18.444421768188477
16:26:37,18.444421768188477
16:26:38,18.444421768188477
16:26:38,18.444421768188477
16:26:39,18.444421768188477
16:26:39,18.464563369750977
16:26:40,18.464563369750977
16:26:40,18.444421768188477
16:26:41,18.464563369750977
16:26:41,18.444421768188477
16:26:42,18.444421768188477
16:26:43,18.444421768188477
16:26:43,18.444421768188477
16:26:44,18.464563369750977
16:26:44,18.444421768188477
16:26:45,18.444421768188477
16:26:45,18.444421768188477
16:26:46,18.444421768188477
16:26:46,18.444421768188477
16:26:47,18.434349060058594
16:26:47,18.434349060058594
16:26:48,18.434349060058594
16:26:48,18.444421768188477
16:26:49,18.434349060058594
16:26:49,18.444421768188477
16:26:50,18.444421768188477
16:26:51,18.444421768188477
16:26:51,18.464563369750977
16:26:52,18.434349060058594
16:26:52,18.464563369750977
16:26:53,18.434349060058594
16:26:53,18.434349060058594
16:26:54,18.444421768188477
16:26:54,18.444421768188477
16:26:55,18.434349060058594
16:26:55,18.434349060058594
16:26:56,18.434349060058594
16:26:56,18.434349060058594
16:26:57,18.414207458496094
16:26:58,18.434349060058594
16:26:58,18.434349060058594
16:26:59,18.434349060058594
16:26:59,18.434349060058594
16:27:00,18.414207458496094
16:27:00,18.434349060058594
16:27:01,18.434349060058594
16:27:01,18.434349060058594
16:27:02,18.434349060058594
16:27:02,18.434349060058594
16:27:03,18.434349060058594
16:27:03,18.434349060058594
16:27:04,18.434349060058594
16:27:04,18.434349060058594
16:27:05,18.434349060058594
16:27:06,18.434349060058594
16:27:06,18.434349060058594
16:27:07,18.434349060058594
16:27:07,18.434349060058594
16:27:08,18.434349060058594
16:27:08,18.434349060058594
16:27:09,18.414207458496094
16:27:09,18.414207458496094
16:27:10,18.414207458496094
16:27:10,18.414207458496094
16:27:11,18.434349060058594
16:27:11,18.414207458496094
16:27:12,18.414207458496094
16:27:13,18.414207458496094
16:27:13,18.414207458496094
16:27:14,18.414207458496094
16:27:14,18.414207458496094
16:27:15,18.414207458496094
16:27:15,18.414207458496094
16:27:16,18.414207458496094
16:27:16,18.414207458496094
16:27:17,18.414207458496094
16:27:17,18.414207458496094
16:27:18,18.414207458496094
16:27:18,18.414207458496094
16:27:19,18.414207458496094
16:27:20,18.414207458496094
16:27:20,18.414207458496094
16:27:21,18.414207458496094
16:27:21,18.414207458496094
16:27:22,18.414207458496094
16:27:22,18.40413475036621
16:27:23,18.40413475036621
16:27:23,18.40413475036621
16:27:24,18.40413475036621
16:27:24,18.40413475036621
16:27:25,18.414207458496094
16:27:25,18.40413475036621
16:27:26,18.40413475036621
16:27:27,18.40413475036621
16:27:27,18.414207458496094
16:27:28,18.40413475036621
16:27:28,18.414207458496094
16:27:29,18.414207458496094
16:27:29,18.40413475036621
16:27:30,18.40413475036621
16:27:30,18.414207458496094
16:27:31,18.40413475036621
16:27:31,18.40413475036621
16:27:32,18.40413475036621
16:27:32,18.40413475036621
16:27:33,18.40413475036621
16:27:34,18.40413475036621
16:27:34,18.40413475036621
16:27:35,18.40413475036621
16:27:35,18.40413475036621
16:27:36,18.40413475036621
16:27:36,18.40413475036621
16:27:37,18.40413475036621
16:27:37,18.40413475036621
16:27:38,18.40413475036621
16:27:38,18.39406394958496
16:27:39,18.39406394958496
16:27:39,18.40413475036621
16:27:40,18.40413475036621
16:27:41,18.40413475036621
16:27:41,18.40413475036621
16:27:42,18.40413475036621
16:27:42,18.39406394958496
16:27:43,18.40413475036621
16:27:43,18.40413475036621
16:27:44,18.40413475036621
16:27:44,18.40413475036621
16:27:45,18.40413475036621
16:27:45,18.40413475036621
16:27:46,18.40413475036621
16:27:46,18.40413475036621
16:27:47,18.40413475036621
16:27:47,18.40413475036621
16:27:48,18.39406394958496
16:27:49,18.39406394958496
16:27:49,18.39406394958496
16:27:50,18.39406394958496
16:27:50,18.39406394958496
16:27:51,18.373920440673828
16:27:51,18.373920440673828
16:27:52,18.39406394958496
16:27:52,18.39406394958496
16:27:53,18.39406394958496
16:27:53,18.40413475036621
16:27:54,18.39406394958496
16:27:54,18.39406394958496
16:27:55,18.39406394958496
16:27:56,18.40413475036621
16:27:56,18.373920440673828
16:27:57,18.373920440673828
16:27:57,18.39406394958496
16:27:58,18.39406394958496
16:27:58,18.39406394958496
16:27:59,18.39406394958496
16:27:59,18.39406394958496
16:28:00,18.373920440673828
16:28:00,18.39406394958496
16:28:01,18.39406394958496
16:28:01,18.39406394958496
16:28:02,18.373920440673828
16:28:03,18.373920440673828
16:28:03,18.373920440673828
16:28:04,18.373920440673828
16:28:04,18.373920440673828
16:28:05,18.39406394958496
16:28:05,18.39406394958496
16:28:06,18.39406394958496
16:28:06,18.373920440673828
16:28:07,18.373920440673828
16:28:07,18.363849639892578
16:28:08,18.373920440673828
16:28:08,18.373920440673828
16:28:09,18.373920440673828
16:28:09,18.373920440673828
16:28:10,18.373920440673828
16:28:11,18.373920440673828
16:28:11,18.373920440673828
16:28:12,18.373920440673828
16:28:12,18.373920440673828
16:28:13,18.363849639892578
16:28:13,18.373920440673828
16:28:14,18.373920440673828
16:28:14,18.373920440673828
16:28:15,18.373920440673828
16:28:15,18.373920440673828
16:28:16,18.363849639892578
16:28:16,18.353778839111328
16:28:17,18.363849639892578
16:28:18,18.373920440673828
16:28:18,18.373920440673828
16:28:19,18.363849639892578
16:28:19,18.363849639892578
16:28:20,18.363849639892578
16:28:20,18.373920440673828
16:28:21,18.363849639892578
16:28:21,18.363849639892578
16:28:22,18.373920440673828
16:28:22,18.363849639892578
16:28:23,18.363849639892578
16:28:23,18.363849639892578
16:28:24,18.363849639892578
16:28:25,18.363849639892578
16:28:25,18.363849639892578
16:28:26,18.363849639892578
16:28:26,18.363849639892578
16:28:27,18.363849639892578
16:28:27,18.363849639892578
16:28:28,18.373920440673828
16:28:28,18.363849639892578
16:28:29,18.363849639892578
16:28:29,18.363849639892578
16:28:30,18.363849639892578
16:28:30,18.363849639892578
16:28:31,18.363849639892578
16:28:32,18.363849639892578
16:28:32,18.363849639892578
16:28:33,18.363849639892578
16:28:33,18.363849639892578
16:28:34,18.363849639892578
16:28:34,18.363849639892578
16:28:35,18.363849639892578
16:28:35,18.363849639892578
16:28:36,18.363849639892578
16:28:36,18.363849639892578
16:28:37,18.363849639892578
16:28:37,18.353778839111328
16:28:38,18.353778839111328
16:28:38,18.353778839111328
16:28:39,18.353778839111328
16:28:40,18.353778839111328
16:28:40,18.353778839111328
16:28:41,18.353778839111328
16:28:41,18.353778839111328
16:28:42,18.353778839111328
16:28:42,18.353778839111328
16:28:43,18.353778839111328
16:28:43,18.353778839111328
16:28:44,18.333635330200195
16:28:44,18.333635330200195
16:28:45,18.353778839111328
16:28:45,18.333635330200195
16:28:46,18.333635330200195
16:28:47,18.353778839111328
16:28:47,18.333635330200195
16:28:48,18.353778839111328
16:28:48,18.353778839111328
16:28:49,18.333635330200195
16:28:49,18.353778839111328
16:28:50,18.333635330200195
16:28:50,18.333635330200195
16:28:51,18.353778839111328
16:28:51,18.353778839111328
16:28:52,18.353778839111328
16:28:52,18.353778839111328
16:28:53,18.333635330200195
16:28:54,18.333635330200195
16:28:54,18.333635330200195
16:28:55,18.353778839111328
16:28:55,18.353778839111328
16:28:56,18.333635330200195
16:28:56,18.353778839111328
16:28:57,18.333635330200195
16:28:57,18.333635330200195
16:28:58,18.333635330200195
16:28:58,18.333635330200195
16:28:59,18.333635330200195
16:28:59,18.323564529418945
16:29:00,18.333635330200195
16:29:01,18.333635330200195
16:29:01,18.333635330200195
16:29:02,18.353778839111328
16:29:02,18.353778839111328
16:29:03,18.333635330200195
16:29:03,18.333635330200195
16:29:04,18.333635330200195
16:29:04,18.323564529418945
16:29:05,18.323564529418945
16:29:05,18.333635330200195
16:29:06,18.333635330200195
16:29:06,18.333635330200195
16:29:07,18.323564529418945
16:29:08,18.333635330200195
16:29:08,18.333635330200195
16:29:09,18.333635330200195
16:29:09,18.323564529418945
16:29:10,18.333635330200195
16:29:10,18.333635330200195
16:29:11,18.333635330200195
16:29:11,18.333635330200195
16:29:12,18.333635330200195
16:29:12,18.333635330200195
16:29:13,18.323564529418945
16:29:13,18.323564529418945
16:29:14,18.333635330200195
16:29:14,18.333635330200195
16:29:15,18.333635330200195
16:29:16,18.333635330200195
16:29:16,18.323564529418945
16:29:17,18.323564529418945
16:29:17,18.323564529418945
16:29:18,18.323564529418945
16:29:18,18.333635330200195
16:29:19,18.323564529418945
16:29:19,18.323564529418945
16:29:20,18.323564529418945
16:29:20,18.323564529418945
16:29:21,18.323564529418945
16:29:21,18.323564529418945
16:29:22,18.323564529418945
16:29:23,18.323564529418945
16:29:23,18.323564529418945
16:29:24,18.323564529418945
16:29:24,18.303421020507812
16:29:25,18.323564529418945
16:29:25,18.323564529418945
16:29:26,18.303421020507812
16:29:26,18.323564529418945
16:29:27,18.303421020507812
16:29:27,18.323564529418945
16:29:28,18.323564529418945
16:29:28,18.303421020507812
16:29:29,18.323564529418945
16:29:30,18.303421020507812
16:29:30,18.303421020507812
16:29:31,18.323564529418945
16:29:31,18.303421020507812
16:29:32,18.303421020507812
16:29:32,18.303421020507812
16:29:33,18.303421020507812
16:29:33,18.303421020507812
16:29:34,18.303421020507812
16:29:34,18.303421020507812
16:29:35,18.303421020507812
16:29:35,18.303421020507812
16:29:36,18.303421020507812
16:29:36,18.303421020507812
16:29:37,18.303421020507812
16:29:38,18.303421020507812
16:29:38,18.323564529418945
16:29:39,18.303421020507812
16:29:39,18.303421020507812
16:29:40,18.303421020507812
16:29:40,18.323564529418945
16:29:41,18.303421020507812
16:29:41,18.293350219726562
16:29:42,18.303421020507812
16:29:42,18.293350219726562
16:29:43,18.293350219726562
16:29:43,18.293350219726562
16:29:44,18.303421020507812
16:29:45,18.303421020507812
16:29:45,18.303421020507812
16:29:46,18.303421020507812
16:29:46,18.303421020507812
16:29:47,18.293350219726562
16:29:47,18.303421020507812
16:29:48,18.293350219726562
16:29:48,18.303421020507812
16:29:49,18.303421020507812
16:29:49,18.293350219726562
