12:38:27,17.60849380493164
12:38:27,17.60849380493164
12:38:28,17.60849380493164
12:38:29,17.60849380493164
12:38:29,17.60849380493164
12:38:30,17.588350296020508
12:38:30,17.60849380493164
12:38:31,17.588350296020508
12:38:31,17.60849380493164
12:38:32,17.60849380493164
12:38:32,17.60849380493164
12:38:33,17.60849380493164
12:38:33,17.60849380493164
12:38:34,17.60849380493164
12:38:34,17.60849380493164
12:38:35,17.60849380493164
12:38:36,17.60849380493164
12:38:36,17.60849380493164
12:38:37,17.60849380493164
12:38:37,17.60849380493164
12:38:38,17.61856460571289
12:38:38,17.60849380493164
12:38:39,17.61856460571289
12:38:39,17.61856460571289
12:38:40,17.61856460571289
12:38:40,17.60849380493164
12:38:41,17.61856460571289
12:38:41,17.628637313842773
12:38:42,17.61856460571289
12:38:43,17.61856460571289
12:38:43,17.628637313842773
12:38:44,17.628637313842773
12:38:44,17.628637313842773
12:38:45,17.61856460571289
12:38:45,17.628637313842773
12:38:46,17.628637313842773
12:38:46,17.628637313842773
12:38:47,17.628637313842773
12:38:47,17.628637313842773
12:38:48,17.61856460571289
12:38:48,17.628637313842773
12:38:49,17.628637313842773
12:38:50,17.628637313842773
12:38:50,17.628637313842773
12:38:51,17.628637313842773
12:38:51,17.628637313842773
12:38:52,17.628637313842773
12:38:52,17.628637313842773
12:38:53,17.648778915405273
12:38:53,17.628637313842773
12:38:54,17.628637313842773
12:38:54,17.628637313842773
12:38:55,17.628637313842773
12:38:55,17.648778915405273
12:38:56,17.628637313842773
12:38:57,17.628637313842773
12:38:57,17.628637313842773
12:38:58,17.628637313842773
12:38:58,17.628637313842773
12:38:59,17.628637313842773
12:38:59,17.648778915405273
12:39:00,17.628637313842773
12:39:00,17.648778915405273
12:39:01,17.628637313842773
12:39:01,17.628637313842773
12:39:02,17.648778915405273
12:39:02,17.61856460571289
12:39:03,17.648778915405273
12:39:03,17.628637313842773
12:39:04,17.628637313842773
12:39:05,17.648778915405273
12:39:05,17.648778915405273
12:39:06,17.628637313842773
12:39:06,17.628637313842773
12:39:07,17.628637313842773
12:39:07,17.648778915405273
12:39:08,17.648778915405273
12:39:08,17.628637313842773
12:39:09,17.628637313842773
12:39:09,17.628637313842773
12:39:10,17.648778915405273
12:39:10,17.628637313842773
12:39:11,17.628637313842773
12:39:12,17.628637313842773
12:39:12,17.628637313842773
12:39:13,17.648778915405273
12:39:13,17.648778915405273
12:39:14,17.648778915405273
12:39:14,17.648778915405273
12:39:15,17.648778915405273
12:39:15,17.648778915405273
12:39:16,17.648778915405273
12:39:16,17.648778915405273
12:39:17,17.658851623535156
12:39:17,17.648778915405273
12:39:18,17.648778915405273
12:39:19,17.628637313842773
12:39:19,17.648778915405273
12:39:20,17.648778915405273
12:39:20,17.658851623535156
12:39:21,17.658851623535156
12:39:21,17.648778915405273
12:39:22,17.658851623535156
12:39:22,17.658851623535156
12:39:23,17.658851623535156
12:39:23,17.658851623535156
12:39:24,17.658851623535156
12:39:24,17.658851623535156
12:39:25,17.658851623535156
12:39:26,17.668922424316406
12:39:26,17.668922424316406
12:39:27,17.658851623535156
12:39:27,17.668922424316406
12:39:28,17.68906593322754
12:39:28,17.668922424316406
12:39:29,17.668922424316406
12:39:29,17.668922424316406
12:39:30,17.668922424316406
12:39:30,17.68906593322754
12:39:31,17.668922424316406
12:39:31,17.668922424316406
12:39:32,17.668922424316406
12:39:32,17.668922424316406
12:39:33,17.668922424316406
12:39:34,17.668922424316406
12:39:34,17.668922424316406
12:39:35,17.68906593322754
12:39:35,17.668922424316406
12:39:36,17.68906593322754
12:39:36,17.668922424316406
12:39:37,17.668922424316406
12:39:37,17.668922424316406
12:39:38,17.668922424316406
12:39:38,17.68906593322754
12:39:39,17.668922424316406
12:39:39,17.68906593322754
12:39:40,17.68906593322754
12:39:41,17.68906593322754
12:39:41,17.68906593322754
12:39:42,17.68906593322754
12:39:42,17.68906593322754
12:39:43,17.68906593322754
12:39:43,17.68906593322754
12:39:44,17.68906593322754
12:39:44,17.68906593322754
12:39:45,17.68906593322754
12:39:45,17.68906593322754
12:39:46,17.68906593322754
12:39:46,17.68906593322754
12:39:47,17.69913673400879
12:39:48,17.69913673400879
12:39:48,17.69913673400879
12:39:49,17.69913673400879
12:39:49,17.68906593322754
12:39:50,17.69913673400879
12:39:50,17.69913673400879
12:39:51,17.69913673400879
12:39:51,17.719280242919922
12:39:52,17.69913673400879
12:39:52,17.69913673400879
12:39:53,17.69913673400879
12:39:53,17.69913673400879
12:39:54,17.69913673400879
12:39:54,17.69913673400879
12:39:55,17.69913673400879
12:39:56,17.69913673400879
12:39:56,17.69913673400879
12:39:57,17.69913673400879
12:39:57,17.69913673400879
12:39:58,17.68906593322754
12:39:58,17.69913673400879
12:39:59,17.69913673400879
12:39:59,17.69913673400879
12:40:00,17.719280242919922
12:40:00,17.719280242919922
12:40:01,17.69913673400879
12:40:01,17.719280242919922
12:40:02,17.719280242919922
12:40:03,17.69913673400879
12:40:03,17.719280242919922
12:40:04,17.719280242919922
12:40:04,17.719280242919922
12:40:05,17.69913673400879
12:40:05,17.719280242919922
12:40:06,17.719280242919922
12:40:06,17.729351043701172
12:40:07,17.719280242919922
12:40:07,17.719280242919922
12:40:08,17.719280242919922
12:40:08,17.719280242919922
12:40:09,17.719280242919922
12:40:10,17.729351043701172
12:40:10,17.729351043701172
12:40:11,17.719280242919922
12:40:11,17.729351043701172
12:40:12,17.729351043701172
12:40:12,17.729351043701172
12:40:13,17.729351043701172
12:40:13,17.729351043701172
12:40:14,17.739421844482422
12:40:14,17.729351043701172
12:40:15,17.739421844482422
12:40:15,17.759565353393555
12:40:16,17.739421844482422
12:40:17,17.739421844482422
12:40:17,17.739421844482422
12:40:18,17.759565353393555
12:40:18,17.739421844482422
12:40:19,17.739421844482422
12:40:19,17.739421844482422
12:40:20,17.739421844482422
12:40:20,17.759565353393555
12:40:21,17.739421844482422
12:40:21,17.739421844482422
12:40:22,17.759565353393555
12:40:22,17.739421844482422
12:40:23,17.759565353393555
12:40:24,17.759565353393555
12:40:24,17.769636154174805
12:40:25,17.759565353393555
12:40:25,17.769636154174805
12:40:26,17.759565353393555
12:40:26,17.759565353393555
12:40:27,17.769636154174805
12:40:27,17.769636154174805
12:40:28,17.759565353393555
12:40:28,17.759565353393555
12:40:29,17.769636154174805
12:40:29,17.759565353393555
12:40:30,17.769636154174805
12:40:30,17.769636154174805
12:40:31,17.769636154174805
12:40:32,17.769636154174805
12:40:32,17.759565353393555
12:40:33,17.769636154174805
12:40:33,17.769636154174805
12:40:34,17.779706954956055
12:40:34,17.769636154174805
12:40:35,17.769636154174805
12:40:35,17.769636154174805
12:40:36,17.769636154174805
12:40:36,17.769636154174805
12:40:37,17.779706954956055
12:40:37,17.779706954956055
12:40:38,17.779706954956055
12:40:39,17.779706954956055
12:40:39,17.799850463867188
12:40:40,17.799850463867188
12:40:40,17.799850463867188
12:40:41,17.779706954956055
12:40:41,17.799850463867188
12:40:42,17.779706954956055
12:40:42,17.799850463867188
12:40:43,17.779706954956055
12:40:43,17.779706954956055
12:40:44,17.799850463867188
12:40:44,17.799850463867188
12:40:45,17.779706954956055
12:40:45,17.799850463867188
12:40:46,17.799850463867188
12:40:47,17.779706954956055
12:40:47,17.799850463867188
12:40:48,17.799850463867188
12:40:48,17.799850463867188
12:40:49,17.809921264648438
12:40:49,17.799850463867188
12:40:50,17.799850463867188
12:40:50,17.799850463867188
12:40:51,17.809921264648438
12:40:51,17.799850463867188
12:40:52,17.799850463867188
12:40:52,17.799850463867188
12:40:53,17.809921264648438
12:40:54,17.809921264648438
12:40:54,17.809921264648438
12:40:55,17.809921264648438
12:40:55,17.809921264648438
12:40:56,17.83006477355957
12:40:56,17.83006477355957
12:40:57,17.83006477355957
12:40:57,17.83006477355957
12:40:58,17.83006477355957
12:40:58,17.809921264648438
12:40:59,17.83006477355957
12:40:59,17.83006477355957
12:41:00,17.83006477355957
12:41:01,17.83006477355957
12:41:01,17.83006477355957
12:41:02,17.83006477355957
12:41:02,17.83006477355957
12:41:03,17.83006477355957
12:41:03,17.84013557434082
12:41:04,17.84013557434082
12:41:04,17.84013557434082
12:41:05,17.84013557434082
12:41:05,17.84013557434082
12:41:06,17.84013557434082
12:41:06,17.84013557434082
12:41:07,17.84013557434082
12:41:08,17.83006477355957
12:41:08,17.84013557434082
12:41:09,17.84013557434082
12:41:09,17.84013557434082
12:41:10,17.84013557434082
12:41:10,17.84013557434082
12:41:11,17.84013557434082
12:41:11,17.850208282470703
12:41:12,17.850208282470703
12:41:12,17.84013557434082
12:41:13,17.850208282470703
12:41:13,17.84013557434082
12:41:14,17.84013557434082
12:41:15,17.84013557434082
12:41:15,17.850208282470703
12:41:16,17.850208282470703
12:41:16,17.850208282470703
12:41:17,17.850208282470703
12:41:17,17.850208282470703
12:41:18,17.84013557434082
12:41:18,17.850208282470703
12:41:19,17.850208282470703
12:41:19,17.850208282470703
12:41:20,17.850208282470703
12:41:20,17.850208282470703
12:41:21,17.850208282470703
12:41:21,17.870349884033203
12:41:22,17.850208282470703
12:41:23,17.870349884033203
12:41:23,17.850208282470703
12:41:24,17.850208282470703
12:41:24,17.850208282470703
12:41:25,17.870349884033203
12:41:25,17.870349884033203
12:41:26,17.870349884033203
12:41:26,17.880422592163086
12:41:27,17.880422592163086
12:41:27,17.880422592163086
12:41:28,17.880422592163086
12:41:28,17.880422592163086
12:41:29,17.870349884033203
12:41:30,17.880422592163086
12:41:30,17.870349884033203
12:41:31,17.870349884033203
12:41:31,17.890493392944336
12:41:32,17.870349884033203
12:41:32,17.870349884033203
12:41:33,17.880422592163086
12:41:33,17.880422592163086
12:41:34,17.880422592163086
12:41:34,17.880422592163086
12:41:35,17.890493392944336
12:41:35,17.880422592163086
12:41:36,17.890493392944336
12:41:37,17.91063690185547
12:41:37,17.91063690185547
12:41:38,17.91063690185547
12:41:38,17.890493392944336
12:41:39,17.890493392944336
12:41:39,17.890493392944336
12:41:40,17.890493392944336
12:41:40,17.890493392944336
12:41:41,17.91063690185547
12:41:41,17.91063690185547
12:41:42,17.91063690185547
12:41:42,17.91063690185547
12:41:43,17.91063690185547
12:41:44,17.91063690185547
12:41:44,17.92070770263672
12:41:45,17.91063690185547
12:41:45,17.92070770263672
12:41:46,17.92070770263672
12:41:46,17.94085121154785
12:41:47,17.94085121154785
12:41:47,17.94085121154785
12:41:48,17.92070770263672
12:41:48,17.94085121154785
12:41:49,17.94085121154785
12:41:49,17.94085121154785
12:41:50,17.9509220123291
12:41:51,17.94085121154785
12:41:51,17.94085121154785
12:41:52,17.9509220123291
12:41:52,17.9509220123291
12:41:53,17.96099281311035
12:41:53,17.96099281311035
12:41:54,17.9509220123291
12:41:54,17.96099281311035
12:41:55,17.96099281311035
12:41:55,17.96099281311035
12:41:56,17.96099281311035
12:41:56,17.96099281311035
12:41:57,17.96099281311035
12:41:57,17.96099281311035
12:41:58,17.96099281311035
12:41:59,17.96099281311035
12:41:59,17.96099281311035
12:42:00,17.96099281311035
12:42:00,17.96099281311035
12:42:01,17.96099281311035
12:42:01,17.96099281311035
12:42:02,17.96099281311035
12:42:02,17.96099281311035
12:42:03,17.96099281311035
12:42:03,17.96099281311035
12:42:04,17.96099281311035
12:42:04,17.96099281311035
12:42:05,17.96099281311035
12:42:06,17.981136322021484
12:42:06,17.981136322021484
12:42:07,17.981136322021484
12:42:07,17.981136322021484
12:42:08,17.981136322021484
12:42:08,17.981136322021484
12:42:09,17.981136322021484
12:42:09,17.981136322021484
12:42:10,17.991207122802734
12:42:10,17.991207122802734
12:42:11,17.981136322021484
12:42:11,17.991207122802734
12:42:12,17.991207122802734
12:42:13,18.001279830932617
12:42:13,18.001279830932617
12:42:14,18.001279830932617
12:42:14,18.001279830932617
12:42:15,18.001279830932617
12:42:15,18.001279830932617
12:42:16,18.001279830932617
12:42:16,18.001279830932617
12:42:17,18.001279830932617
12:42:17,18.021421432495117
12:42:18,18.001279830932617
12:42:18,18.001279830932617
12:42:19,18.001279830932617
12:42:20,18.001279830932617
12:42:20,18.021421432495117
12:42:21,18.021421432495117
12:42:21,18.021421432495117
12:42:22,18.021421432495117
12:42:22,18.021421432495117
12:42:23,18.021421432495117
12:42:23,18.031494140625
12:42:24,18.031494140625
12:42:24,18.031494140625
12:42:25,18.031494140625
12:42:25,18.04156494140625
12:42:26,18.04156494140625
12:42:26,18.031494140625
12:42:27,18.06170654296875
12:42:28,18.04156494140625
12:42:28,18.04156494140625
12:42:29,18.06170654296875
12:42:29,18.06170654296875
12:42:30,18.06170654296875
12:42:30,18.06170654296875
12:42:31,18.06170654296875
12:42:31,18.04156494140625
12:42:32,18.04156494140625
12:42:32,18.04156494140625
12:42:33,18.04156494140625
12:42:33,18.071779251098633
12:42:34,18.071779251098633
12:42:35,18.071779251098633
12:42:35,18.06170654296875
12:42:36,18.071779251098633
12:42:36,18.091920852661133
12:42:37,18.091920852661133
12:42:37,18.091920852661133
12:42:38,18.091920852661133
12:42:38,18.071779251098633
12:42:39,18.091920852661133
12:42:39,18.091920852661133
12:42:40,18.091920852661133
12:42:40,18.091920852661133
12:42:41,18.091920852661133
12:42:42,18.091920852661133
12:42:42,18.101993560791016
12:42:43,18.101993560791016
12:42:43,18.091920852661133
12:42:44,18.101993560791016
12:42:44,18.101993560791016
12:42:45,18.101993560791016
12:42:45,18.112064361572266
12:42:46,18.101993560791016
12:42:46,18.091920852661133
12:42:47,18.101993560791016
12:42:47,18.101993560791016
12:42:48,18.091920852661133
12:42:49,18.101993560791016
12:42:49,18.101993560791016
12:42:50,18.101993560791016
12:42:50,18.101993560791016
12:42:51,18.101993560791016
12:42:51,18.112064361572266
12:42:52,18.112064361572266
12:42:52,18.1322078704834
12:42:53,18.1322078704834
12:42:53,18.112064361572266
12:42:54,18.1322078704834
12:42:54,18.1322078704834
12:42:55,18.1322078704834
12:42:55,18.1322078704834
12:42:56,18.14227867126465
12:42:57,18.1322078704834
12:42:57,18.14227867126465
12:42:58,18.14227867126465
12:42:58,18.14227867126465
12:42:59,18.14227867126465
12:42:59,18.14227867126465
12:43:00,18.1523494720459
12:43:00,18.1523494720459
12:43:01,18.1523494720459
12:43:01,18.17249298095703
12:43:02,18.17249298095703
12:43:02,18.1523494720459
12:43:03,18.17249298095703
12:43:04,18.1523494720459
12:43:04,18.17249298095703
12:43:05,18.18256378173828
12:43:05,18.18256378173828
12:43:06,18.18256378173828
12:43:06,18.18256378173828
12:43:07,18.18256378173828
12:43:07,18.202707290649414
12:43:08,18.202707290649414
12:43:08,18.202707290649414
12:43:09,18.202707290649414
12:43:09,18.202707290649414
12:43:10,18.222850799560547
12:43:11,18.212778091430664
12:43:11,18.212778091430664
12:43:12,18.222850799560547
12:43:12,18.212778091430664
12:43:13,18.222850799560547
12:43:13,18.222850799560547
12:43:14,18.222850799560547
12:43:14,18.222850799560547
12:43:15,18.242992401123047
12:43:15,18.222850799560547
12:43:16,18.222850799560547
12:43:16,18.242992401123047
12:43:17,18.242992401123047
12:43:18,18.222850799560547
12:43:18,18.242992401123047
12:43:19,18.25306510925293
12:43:19,18.242992401123047
12:43:20,18.242992401123047
12:43:20,18.25306510925293
12:43:21,18.25306510925293
12:43:21,18.26313591003418
12:43:22,18.242992401123047
12:43:22,18.25306510925293
12:43:23,18.26313591003418
12:43:23,18.26313591003418
12:43:24,18.25306510925293
12:43:25,18.25306510925293
12:43:25,18.25306510925293
12:43:26,18.26313591003418
12:43:26,18.25306510925293
12:43:27,18.25306510925293
12:43:27,18.26313591003418
12:43:28,18.26313591003418
12:43:28,18.26313591003418
12:43:29,18.26313591003418
12:43:29,18.283279418945312
12:43:30,18.283279418945312
12:43:30,18.26313591003418
12:43:31,18.283279418945312
12:43:31,18.293350219726562
12:43:32,18.293350219726562
12:43:33,18.293350219726562
12:43:33,18.303421020507812
12:43:34,18.293350219726562
12:43:34,18.293350219726562
12:43:35,18.303421020507812
12:43:35,18.303421020507812
12:43:36,18.323564529418945
12:43:36,18.323564529418945
12:43:37,18.293350219726562
12:43:37,18.303421020507812
12:43:38,18.323564529418945
12:43:38,18.323564529418945
12:43:39,18.323564529418945
12:43:40,18.323564529418945
12:43:40,18.333635330200195
12:43:41,18.333635330200195
12:43:41,18.323564529418945
12:43:42,18.333635330200195
12:43:42,18.333635330200195
12:43:43,18.333635330200195
12:43:43,18.333635330200195
12:43:44,18.333635330200195
12:43:44,18.333635330200195
12:43:45,18.353778839111328
12:43:45,18.333635330200195
12:43:46,18.333635330200195
12:43:46,18.333635330200195
12:43:47,18.353778839111328
12:43:48,18.353778839111328
12:43:48,18.353778839111328
12:43:49,18.363849639892578
12:43:49,18.363849639892578
12:43:50,18.363849639892578
12:43:50,18.363849639892578
12:43:51,18.363849639892578
12:43:51,18.373920440673828
12:43:52,18.363849639892578
12:43:52,18.373920440673828
12:43:53,18.363849639892578
12:43:53,18.353778839111328
12:43:54,18.363849639892578
12:43:55,18.363849639892578
12:43:55,18.373920440673828
12:43:56,18.363849639892578
12:43:56,18.373920440673828
12:43:57,18.363849639892578
12:43:57,18.39406394958496
12:43:58,18.363849639892578
12:43:58,18.39406394958496
12:43:59,18.39406394958496
12:43:59,18.39406394958496
12:44:00,18.39406394958496
12:44:00,18.39406394958496
12:44:01,18.39406394958496
12:44:02,18.39406394958496
12:44:02,18.40413475036621
12:44:03,18.39406394958496
12:44:03,18.39406394958496
12:44:04,18.40413475036621
12:44:04,18.40413475036621
12:44:05,18.40413475036621
12:44:05,18.40413475036621
12:44:06,18.40413475036621
12:44:06,18.40413475036621
12:44:07,18.40413475036621
12:44:07,18.40413475036621
12:44:08,18.40413475036621
12:44:09,18.40413475036621
12:44:09,18.414207458496094
12:44:10,18.40413475036621
12:44:10,18.414207458496094
12:44:11,18.414207458496094
12:44:11,18.40413475036621
12:44:12,18.414207458496094
12:44:12,18.434349060058594
12:44:13,18.414207458496094
12:44:13,18.414207458496094
12:44:14,18.414207458496094
12:44:14,18.434349060058594
12:44:15,18.434349060058594
12:44:16,18.444421768188477
12:44:16,18.434349060058594
12:44:17,18.434349060058594
12:44:17,18.434349060058594
12:44:18,18.434349060058594
12:44:18,18.444421768188477
12:44:19,18.444421768188477
12:44:19,18.444421768188477
12:44:20,18.464563369750977
12:44:20,18.464563369750977
12:44:21,18.464563369750977
12:44:21,18.464563369750977
12:44:22,18.464563369750977
12:44:22,18.464563369750977
12:44:23,18.464563369750977
12:44:24,18.47463607788086
12:44:24,18.464563369750977
12:44:25,18.47463607788086
12:44:25,18.464563369750977
12:44:26,18.48470687866211
12:44:26,18.48470687866211
12:44:27,18.504850387573242
12:44:27,18.47463607788086
12:44:28,18.47463607788086
12:44:28,18.48470687866211
12:44:29,18.48470687866211
12:44:29,18.504850387573242
12:44:30,18.514921188354492
12:44:31,18.504850387573242
12:44:31,18.514921188354492
12:44:32,18.514921188354492
12:44:32,18.514921188354492
12:44:33,18.514921188354492
12:44:33,18.514921188354492
12:44:34,18.514921188354492
12:44:34,18.514921188354492
12:44:35,18.524991989135742
12:44:35,18.524991989135742
12:44:36,18.524991989135742
12:44:36,18.524991989135742
12:44:37,18.524991989135742
12:44:37,18.524991989135742
12:44:38,18.524991989135742
12:44:39,18.545135498046875
12:44:39,18.545135498046875
12:44:40,18.545135498046875
12:44:40,18.555206298828125
12:44:41,18.555206298828125
12:44:41,18.555206298828125
12:44:42,18.585420608520508
12:44:42,18.585420608520508
12:44:43,18.555206298828125
12:44:43,18.59549331665039
12:44:44,18.585420608520508
12:44:44,18.585420608520508
12:44:45,18.585420608520508
12:44:46,18.59549331665039
12:44:46,18.59549331665039
12:44:47,18.59549331665039
12:44:47,18.59549331665039
12:44:48,18.585420608520508
12:44:48,18.59549331665039
12:44:49,18.59549331665039
12:44:49,18.59549331665039
12:44:50,18.60556411743164
12:44:50,18.60556411743164
12:44:51,18.625707626342773
12:44:51,18.625707626342773
12:44:52,18.625707626342773
12:44:53,18.625707626342773
12:44:53,18.635778427124023
12:44:54,18.635778427124023
12:44:54,18.635778427124023
12:44:55,18.635778427124023
12:44:55,18.645849227905273
12:44:56,18.635778427124023
12:44:56,18.645849227905273
12:44:57,18.645849227905273
12:44:57,18.645849227905273
12:44:58,18.645849227905273
12:44:58,18.645849227905273
12:44:59,18.645849227905273
12:45:00,18.645849227905273
12:45:00,18.665992736816406
12:45:01,18.665992736816406
12:45:01,18.676063537597656
12:45:02,18.665992736816406
12:45:02,18.676063537597656
12:45:03,18.665992736816406
12:45:03,18.665992736816406
12:45:04,18.676063537597656
12:45:04,18.676063537597656
12:45:05,18.676063537597656
12:45:05,18.676063537597656
12:45:06,18.686134338378906
12:45:07,18.686134338378906
12:45:07,18.70627784729004
12:45:08,18.686134338378906
12:45:08,18.70627784729004
12:45:09,18.70627784729004
12:45:09,18.686134338378906
12:45:10,18.70627784729004
12:45:10,18.70627784729004
12:45:11,18.70627784729004
12:45:11,18.71634864807129
12:45:12,18.71634864807129
12:45:12,18.71634864807129
12:45:13,18.71634864807129
12:45:13,18.71634864807129
12:45:14,18.736492156982422
12:45:15,18.71634864807129
12:45:15,18.736492156982422
12:45:16,18.746562957763672
12:45:16,18.736492156982422
12:45:17,18.746562957763672
12:45:17,18.736492156982422
12:45:18,18.736492156982422
12:45:18,18.736492156982422
12:45:19,18.746562957763672
12:45:19,18.746562957763672
12:45:20,18.756635665893555
12:45:20,18.746562957763672
12:45:21,18.756635665893555
12:45:22,18.746562957763672
12:45:22,18.756635665893555
12:45:23,18.756635665893555
12:45:23,18.776777267456055
12:45:24,18.776777267456055
12:45:24,18.776777267456055
12:45:25,18.786849975585938
12:45:25,18.786849975585938
12:45:26,18.796920776367188
12:45:26,18.796920776367188
12:45:27,18.786849975585938
12:45:27,18.796920776367188
12:45:28,18.796920776367188
12:45:29,18.796920776367188
12:45:29,18.786849975585938
12:45:30,18.786849975585938
12:45:30,18.786849975585938
12:45:31,18.786849975585938
12:45:31,18.786849975585938
12:45:32,18.796920776367188
12:45:32,18.786849975585938
12:45:33,18.796920776367188
12:45:33,18.796920776367188
12:45:34,18.796920776367188
12:45:34,18.796920776367188
12:45:35,18.796920776367188
12:45:36,18.796920776367188
12:45:36,18.796920776367188
12:45:37,18.81706428527832
12:45:37,18.81706428527832
12:45:38,18.81706428527832
12:45:38,18.81706428527832
12:45:39,18.82713508605957
12:45:39,18.81706428527832
12:45:40,18.82713508605957
12:45:40,18.82713508605957
12:45:41,18.82713508605957
12:45:41,18.82713508605957
12:45:42,18.82713508605957
12:45:43,18.847278594970703
12:45:43,18.82713508605957
12:45:44,18.82713508605957
12:45:44,18.847278594970703
12:45:45,18.847278594970703
12:45:45,18.82713508605957
12:45:46,18.847278594970703
12:45:46,18.857349395751953
12:45:47,18.857349395751953
12:45:47,18.857349395751953
12:45:48,18.857349395751953
12:45:48,18.857349395751953
12:45:49,18.857349395751953
12:45:49,18.867420196533203
12:45:50,18.867420196533203
12:45:51,18.857349395751953
12:45:51,18.867420196533203
12:45:52,18.867420196533203
12:45:52,18.867420196533203
12:45:53,18.867420196533203
12:45:53,18.887563705444336
12:45:54,18.867420196533203
12:45:54,18.887563705444336
12:45:55,18.867420196533203
12:45:55,18.887563705444336
12:45:56,18.887563705444336
12:45:56,18.897634506225586
12:45:57,18.90770721435547
12:45:58,18.897634506225586
12:45:58,18.90770721435547
12:45:59,18.90770721435547
12:45:59,18.92784881591797
12:46:00,18.90770721435547
12:46:00,18.90770721435547
12:46:01,18.92784881591797
12:46:01,18.92784881591797
12:46:02,18.93792152404785
12:46:02,18.92784881591797
12:46:03,18.92784881591797
12:46:03,18.93792152404785
12:46:04,18.93792152404785
12:46:05,18.93792152404785
12:46:05,18.93792152404785
12:46:06,18.9479923248291
12:46:06,18.93792152404785
12:46:07,18.9479923248291
12:46:07,18.9479923248291
12:46:08,18.9681339263916
12:46:08,18.9681339263916
12:46:09,18.9479923248291
12:46:09,18.9681339263916
12:46:10,18.978206634521484
12:46:10,18.978206634521484
12:46:11,18.978206634521484
12:46:11,18.978206634521484
12:46:13,18.978206634521484
12:46:13,18.978206634521484
12:46:13,18.998348236083984
12:46:14,18.978206634521484
12:46:14,18.998348236083984
12:46:15,18.998348236083984
12:46:15,18.998348236083984
12:46:16,18.998348236083984
12:46:16,18.998348236083984
12:46:17,18.998348236083984
12:46:17,18.998348236083984
12:46:18,19.008420944213867
12:46:18,19.008420944213867
12:46:19,19.008420944213867
12:46:20,19.018491744995117
12:46:20,19.018491744995117
12:46:21,19.018491744995117
12:46:21,19.018491744995117
12:46:22,19.03863525390625
12:46:22,19.03863525390625
12:46:23,19.0487060546875
12:46:23,19.03863525390625
12:46:24,19.03863525390625
12:46:24,19.03863525390625
12:46:25,19.03863525390625
12:46:25,19.0487060546875
12:46:26,19.0487060546875
12:46:27,19.0487060546875
12:46:27,19.0487060546875
12:46:28,19.0487060546875
12:46:28,19.05877685546875
12:46:29,19.05877685546875
12:46:29,19.05877685546875
12:46:30,19.05877685546875
12:46:30,19.05877685546875
12:46:31,19.078920364379883
12:46:31,19.078920364379883
12:46:32,19.078920364379883
12:46:32,19.078920364379883
12:46:33,19.078920364379883
12:46:34,19.088991165161133
12:46:34,19.088991165161133
12:46:35,19.088991165161133
12:46:35,19.088991165161133
12:46:36,19.109134674072266
12:46:36,19.088991165161133
12:46:37,19.109134674072266
12:46:37,19.109134674072266
12:46:38,19.088991165161133
12:46:38,19.109134674072266
12:46:39,19.109134674072266
12:46:39,19.109134674072266
12:46:40,19.109134674072266
12:46:40,19.109134674072266
12:46:41,19.119205474853516
12:46:42,19.119205474853516
12:46:42,19.119205474853516
12:46:43,19.119205474853516
12:46:43,19.119205474853516
12:46:44,19.119205474853516
12:46:44,19.1292781829834
12:46:45,19.1292781829834
12:46:45,19.1494197845459
12:46:46,19.1292781829834
12:46:46,19.1292781829834
12:46:47,19.1292781829834
12:46:47,19.1292781829834
12:46:48,19.1292781829834
12:46:49,19.1494197845459
12:46:49,19.1494197845459
12:46:50,19.1494197845459
12:46:50,19.1494197845459
12:46:51,19.15949249267578
12:46:51,19.15949249267578
12:46:52,19.16956329345703
12:46:52,19.16956329345703
12:46:53,19.16956329345703
12:46:53,19.189706802368164
12:46:54,19.16956329345703
12:46:54,19.189706802368164
12:46:55,19.16956329345703
12:46:56,19.16956329345703
12:46:56,19.16956329345703
12:46:57,19.189706802368164
12:46:57,19.189706802368164
12:46:58,19.189706802368164
12:46:58,19.189706802368164
12:46:59,19.189706802368164
12:46:59,19.199777603149414
12:47:00,19.189706802368164
12:47:00,19.16956329345703
12:47:01,19.189706802368164
12:47:01,19.189706802368164
12:47:02,19.189706802368164
12:47:03,19.199777603149414
12:47:03,19.199777603149414
12:47:04,19.219921112060547
12:47:04,19.199777603149414
12:47:05,19.219921112060547
12:47:05,19.229991912841797
12:47:06,19.219921112060547
12:47:06,19.219921112060547
12:47:07,19.219921112060547
12:47:07,19.229991912841797
12:47:08,19.229991912841797
12:47:08,19.229991912841797
12:47:09,19.219921112060547
12:47:10,19.229991912841797
12:47:10,19.240062713623047
12:47:11,19.229991912841797
12:47:11,19.229991912841797
12:47:12,19.240062713623047
12:47:12,19.240062713623047
12:47:13,19.26020622253418
12:47:13,19.26020622253418
12:47:14,19.26020622253418
12:47:14,19.26020622253418
12:47:15,19.27027702331543
12:47:15,19.26020622253418
12:47:16,19.27027702331543
12:47:16,19.28034782409668
12:47:17,19.27027702331543
12:47:18,19.28034782409668
12:47:18,19.300491333007812
12:47:19,19.300491333007812
12:47:19,19.300491333007812
12:47:20,19.300491333007812
12:47:20,19.300491333007812
12:47:21,19.300491333007812
12:47:21,19.300491333007812
12:47:22,19.310562133789062
12:47:22,19.310562133789062
12:47:23,19.310562133789062
12:47:23,19.310562133789062
12:47:24,19.320634841918945
12:47:25,19.320634841918945
12:47:25,19.320634841918945
12:47:26,19.320634841918945
12:47:26,19.340776443481445
12:47:27,19.340776443481445
12:47:27,19.320634841918945
12:47:28,19.340776443481445
12:47:28,19.340776443481445
12:47:29,19.340776443481445
12:47:29,19.340776443481445
12:47:30,19.340776443481445
12:47:30,19.340776443481445
12:47:31,19.350849151611328
12:47:32,19.340776443481445
12:47:32,19.340776443481445
12:47:33,19.350849151611328
12:47:33,19.340776443481445
12:47:34,19.340776443481445
12:47:34,19.340776443481445
12:47:35,19.340776443481445
12:47:35,19.370990753173828
12:47:36,19.370990753173828
12:47:36,19.370990753173828
12:47:37,19.370990753173828
12:47:37,19.370990753173828
12:47:38,19.370990753173828
12:47:38,19.38106346130371
12:47:39,19.38106346130371
12:47:40,19.38106346130371
12:47:40,19.38106346130371
12:47:41,19.38106346130371
12:47:41,19.38106346130371
12:47:42,19.39113426208496
12:47:42,19.39113426208496
12:47:43,19.39113426208496
12:47:43,19.39113426208496
12:47:44,19.39113426208496
12:47:44,19.39113426208496
12:47:45,19.39113426208496
12:47:45,19.411277770996094
12:47:46,19.411277770996094
12:47:47,19.421348571777344
12:47:47,19.411277770996094
12:47:48,19.421348571777344
12:47:48,19.431419372558594
12:47:49,19.431419372558594
12:47:49,19.431419372558594
12:47:50,19.431419372558594
12:47:50,19.431419372558594
12:47:51,19.431419372558594
12:47:51,19.431419372558594
12:47:52,19.431419372558594
12:47:52,19.451562881469727
12:47:53,19.451562881469727
12:47:54,19.431419372558594
12:47:54,19.431419372558594
12:47:55,19.451562881469727
12:47:55,19.431419372558594
12:47:56,19.461633682250977
12:47:56,19.461633682250977
12:47:57,19.451562881469727
12:47:57,19.451562881469727
12:47:58,19.451562881469727
12:47:58,19.451562881469727
12:47:59,19.451562881469727
12:47:59,19.451562881469727
12:48:00,19.461633682250977
12:48:01,19.451562881469727
12:48:01,19.461633682250977
12:48:02,19.461633682250977
12:48:02,19.451562881469727
12:48:03,19.461633682250977
12:48:03,19.461633682250977
12:48:04,19.461633682250977
12:48:04,19.48177719116211
12:48:05,19.49184799194336
12:48:05,19.461633682250977
12:48:06,19.48177719116211
12:48:06,19.48177719116211
12:48:07,19.48177719116211
12:48:07,19.48177719116211
12:48:08,19.48177719116211
12:48:09,19.48177719116211
12:48:09,19.48177719116211
12:48:10,19.48177719116211
12:48:10,19.48177719116211
12:48:11,19.49184799194336
12:48:11,19.49184799194336
12:48:12,19.49184799194336
12:48:12,19.49184799194336
12:48:13,19.501920700073242
12:48:13,19.49184799194336
12:48:14,19.49184799194336
12:48:14,19.501920700073242
12:48:15,19.501920700073242
12:48:16,19.501920700073242
12:48:16,19.522062301635742
12:48:17,19.522062301635742
12:48:17,19.522062301635742
12:48:18,19.522062301635742
12:48:18,19.522062301635742
12:48:19,19.522062301635742
12:48:19,19.522062301635742
12:48:20,19.522062301635742
12:48:20,19.532135009765625
12:48:21,19.542205810546875
12:48:21,19.532135009765625
12:48:22,19.542205810546875
12:48:23,19.542205810546875
12:48:23,19.542205810546875
12:48:24,19.562347412109375
12:48:24,19.562347412109375
12:48:25,19.562347412109375
12:48:25,19.562347412109375
12:48:26,19.562347412109375
12:48:26,19.572420120239258
12:48:27,19.572420120239258
12:48:27,19.582490921020508
12:48:28,19.582490921020508
12:48:28,19.572420120239258
12:48:29,19.582490921020508
12:48:29,19.582490921020508
12:48:30,19.582490921020508
12:48:31,19.582490921020508
12:48:31,19.60263442993164
12:48:32,19.60263442993164
12:48:32,19.60263442993164
12:48:33,19.60263442993164
12:48:33,19.61270523071289
12:48:34,19.61270523071289
12:48:34,19.61270523071289
12:48:35,19.632848739624023
12:48:35,19.632848739624023
12:48:36,19.61270523071289
12:48:36,19.632848739624023
12:48:37,19.632848739624023
12:48:38,19.642919540405273
12:48:38,19.642919540405273
12:48:39,19.632848739624023
12:48:39,19.642919540405273
12:48:40,19.652990341186523
12:48:40,19.652990341186523
12:48:41,19.642919540405273
12:48:41,19.652990341186523
12:48:42,19.652990341186523
12:48:42,19.652990341186523
12:48:43,19.673133850097656
12:48:43,19.683204650878906
12:48:44,19.673133850097656
12:48:45,19.683204650878906
12:48:45,19.683204650878906
12:48:46,19.683204650878906
12:48:46,19.69327735900879
12:48:47,19.683204650878906
12:48:47,19.69327735900879
12:48:48,19.69327735900879
12:48:48,19.71341896057129
12:48:49,19.683204650878906
12:48:49,19.71341896057129
12:48:50,19.69327735900879
12:48:50,19.71341896057129
12:48:51,19.69327735900879
12:48:52,19.69327735900879
12:48:52,19.69327735900879
12:48:53,19.723491668701172
12:48:53,19.71341896057129
12:48:54,19.723491668701172
12:48:54,19.723491668701172
12:48:55,19.723491668701172
12:48:55,19.723491668701172
12:48:56,19.723491668701172
12:48:56,19.723491668701172
12:48:57,19.71341896057129
12:48:57,19.723491668701172
12:48:58,19.743633270263672
12:48:58,19.743633270263672
12:48:59,19.753705978393555
12:49:00,19.753705978393555
12:49:00,19.763776779174805
12:49:01,19.753705978393555
12:49:01,19.763776779174805
12:49:02,19.763776779174805
12:49:02,19.783920288085938
12:49:03,19.763776779174805
12:49:03,19.783920288085938
12:49:04,19.793991088867188
12:49:04,19.783920288085938
12:49:05,19.793991088867188
12:49:05,19.783920288085938
12:49:06,19.804061889648438
12:49:07,19.804061889648438
12:49:07,19.804061889648438
12:49:08,19.804061889648438
12:49:08,19.804061889648438
12:49:09,19.82420539855957
12:49:09,19.82420539855957
12:49:10,19.83427619934082
12:49:10,19.83427619934082
12:49:11,19.83427619934082
12:49:11,19.83427619934082
12:49:12,19.854419708251953
12:49:12,19.83427619934082
12:49:13,19.854419708251953
12:49:14,19.854419708251953
12:49:14,19.864490509033203
12:49:15,19.864490509033203
12:49:15,19.864490509033203
12:49:16,19.874561309814453
12:49:16,19.864490509033203
12:49:17,19.874561309814453
12:49:17,19.874561309814453
12:49:18,19.874561309814453
12:49:18,19.874561309814453
12:49:19,19.904775619506836
12:49:19,19.91484832763672
12:49:20,19.904775619506836
12:49:21,19.91484832763672
12:49:21,19.91484832763672
12:49:22,19.92491912841797
12:49:22,19.92491912841797
12:49:23,19.91484832763672
12:49:23,19.92491912841797
12:49:24,19.9450626373291
12:49:24,19.92491912841797
12:49:25,19.9450626373291
12:49:25,19.9450626373291
12:49:26,19.9450626373291
12:49:26,19.92491912841797
12:49:27,19.9450626373291
12:49:28,19.92491912841797
12:49:28,19.9450626373291
12:49:29,19.95513343811035
12:49:29,19.9450626373291
12:49:30,19.9450626373291
12:49:30,19.95513343811035
12:49:31,19.95513343811035
12:49:31,19.95513343811035
12:49:32,19.9652042388916
12:49:32,19.9652042388916
12:49:33,19.9652042388916
12:49:33,19.9652042388916
12:49:34,19.9652042388916
12:49:34,19.9652042388916
12:49:35,19.9652042388916
12:49:36,19.95513343811035
12:49:36,19.9652042388916
12:49:37,19.9652042388916
12:49:37,19.9652042388916
12:49:38,19.985347747802734
12:49:38,19.9652042388916
12:49:39,19.985347747802734
12:49:39,19.985347747802734
12:49:40,19.9652042388916
12:49:40,19.985347747802734
12:49:41,19.985347747802734
12:49:41,19.985347747802734
12:49:42,19.985347747802734
12:49:43,19.995418548583984
12:49:43,19.995418548583984
12:49:44,19.995418548583984
12:49:44,19.995418548583984
12:49:45,19.995418548583984
12:49:45,20.015562057495117
12:49:46,20.015562057495117
12:49:46,20.025632858276367
12:49:47,20.025632858276367
12:49:47,20.03570556640625
12:49:48,20.03570556640625
12:49:48,20.025632858276367
12:49:49,20.03570556640625
12:49:50,20.03570556640625
12:49:50,20.05584716796875
12:49:51,20.05584716796875
12:49:51,20.05584716796875
12:49:52,20.065919876098633
12:49:52,20.065919876098633
12:49:53,20.065919876098633
12:49:53,20.065919876098633
12:49:54,20.065919876098633
12:49:54,20.065919876098633
12:49:55,20.065919876098633
12:49:55,20.065919876098633
12:49:56,20.065919876098633
12:49:57,20.075990676879883
12:49:57,20.075990676879883
12:49:58,20.075990676879883
12:49:58,20.096134185791016
12:49:59,20.096134185791016
12:49:59,20.096134185791016
12:50:00,20.096134185791016
12:50:00,20.106204986572266
12:50:01,20.096134185791016
12:50:01,20.106204986572266
12:50:02,20.106204986572266
12:50:02,20.106204986572266
12:50:03,20.106204986572266
12:50:03,20.106204986572266
12:50:04,20.106204986572266
12:50:05,20.106204986572266
12:50:05,20.13641929626465
12:50:06,20.13641929626465
12:50:06,20.1464900970459
12:50:07,20.13641929626465
12:50:07,20.1464900970459
12:50:08,20.1464900970459
12:50:08,20.13641929626465
12:50:09,20.16663360595703
12:50:09,20.1464900970459
12:50:10,20.16663360595703
12:50:10,20.1464900970459
12:50:11,20.1464900970459
12:50:12,20.16663360595703
12:50:12,20.17670440673828
12:50:13,20.16663360595703
12:50:13,20.16663360595703
12:50:14,20.17670440673828
12:50:14,20.17670440673828
12:50:15,20.18677520751953
12:50:15,20.18677520751953
12:50:16,20.18677520751953
12:50:16,20.18677520751953
12:50:17,20.18677520751953
12:50:17,20.17670440673828
12:50:18,20.17670440673828
12:50:19,20.17670440673828
12:50:19,20.17670440673828
12:50:20,20.18677520751953
12:50:20,20.18677520751953
12:50:21,20.206918716430664
12:50:21,20.18677520751953
12:50:22,20.206918716430664
12:50:22,20.206918716430664
12:50:23,20.216989517211914
12:50:23,20.216989517211914
12:50:24,20.206918716430664
12:50:24,20.206918716430664
12:50:25,20.216989517211914
12:50:25,20.206918716430664
12:50:26,20.216989517211914
12:50:27,20.216989517211914
12:50:27,20.216989517211914
12:50:28,20.216989517211914
12:50:28,20.216989517211914
12:50:29,20.216989517211914
12:50:29,20.216989517211914
12:50:30,20.227062225341797
12:50:30,20.227062225341797
12:50:31,20.247203826904297
12:50:31,20.227062225341797
12:50:32,20.227062225341797
12:50:32,20.247203826904297
12:50:33,20.247203826904297
12:50:34,20.247203826904297
12:50:34,20.247203826904297
12:50:35,20.247203826904297
12:50:35,20.247203826904297
12:50:36,20.25727653503418
12:50:36,20.247203826904297
12:50:37,20.25727653503418
12:50:37,20.25727653503418
12:50:38,20.27741813659668
12:50:38,20.27741813659668
12:50:39,20.27741813659668
12:50:39,20.27741813659668
12:50:40,20.27741813659668
12:50:41,20.287490844726562
12:50:41,20.287490844726562
12:50:42,20.287490844726562
12:50:42,20.297561645507812
12:50:43,20.297561645507812
12:50:43,20.287490844726562
12:50:44,20.297561645507812
12:50:44,20.297561645507812
12:50:45,20.297561645507812
12:50:45,20.297561645507812
12:50:46,20.297561645507812
12:50:46,20.297561645507812
12:50:47,20.297561645507812
12:50:48,20.297561645507812
12:50:48,20.287490844726562
12:50:49,20.297561645507812
12:50:49,20.297561645507812
12:50:50,20.297561645507812
12:50:50,20.317705154418945
12:50:51,20.327775955200195
12:50:51,20.317705154418945
12:50:52,20.317705154418945
12:50:52,20.317705154418945
12:50:53,20.327775955200195
12:50:53,20.327775955200195
12:50:54,20.327775955200195
12:50:55,20.327775955200195
12:50:55,20.337846755981445
12:50:56,20.337846755981445
12:50:56,20.327775955200195
12:50:57,20.327775955200195
12:50:57,20.327775955200195
12:50:58,20.337846755981445
12:50:58,20.357990264892578
12:50:59,20.357990264892578
12:50:59,20.337846755981445
12:51:00,20.337846755981445
12:51:00,20.357990264892578
12:51:01,20.368061065673828
12:51:01,20.357990264892578
12:51:02,20.368061065673828
12:51:03,20.368061065673828
12:51:03,20.368061065673828
12:51:04,20.368061065673828
12:51:04,20.39827537536621
12:51:05,20.38820457458496
12:51:05,20.38820457458496
12:51:06,20.39827537536621
12:51:06,20.39827537536621
12:51:07,20.39827537536621
12:51:07,20.39827537536621
12:51:08,20.39827537536621
12:51:08,20.39827537536621
12:51:09,20.39827537536621
12:51:10,20.39827537536621
12:51:10,20.408348083496094
12:51:11,20.408348083496094
12:51:11,20.408348083496094
12:51:12,20.408348083496094
12:51:12,20.428489685058594
12:51:13,20.428489685058594
12:51:13,20.438560485839844
12:51:14,20.438560485839844
12:51:14,20.428489685058594
12:51:15,20.438560485839844
12:51:15,20.438560485839844
12:51:16,20.448633193969727
12:51:17,20.448633193969727
12:51:17,20.468774795532227
12:51:18,20.448633193969727
12:51:18,20.468774795532227
12:51:19,20.468774795532227
12:51:19,20.468774795532227
12:51:20,20.468774795532227
12:51:20,20.47884750366211
12:51:21,20.47884750366211
12:51:21,20.47884750366211
12:51:22,20.47884750366211
12:51:22,20.47884750366211
12:51:23,20.49898910522461
12:51:23,20.47884750366211
12:51:24,20.49898910522461
12:51:25,20.47884750366211
12:51:25,20.49898910522461
12:51:26,20.49898910522461
12:51:26,20.49898910522461
12:51:27,20.49898910522461
12:51:27,20.509061813354492
12:51:28,20.49898910522461
12:51:28,20.49898910522461
12:51:29,20.509061813354492
12:51:29,20.509061813354492
12:51:30,20.509061813354492
12:51:30,20.49898910522461
12:51:31,20.49898910522461
12:51:32,20.49898910522461
12:51:32,20.49898910522461
12:51:33,20.509061813354492
12:51:33,20.519132614135742
12:51:34,20.539276123046875
12:51:34,20.519132614135742
12:51:35,20.539276123046875
12:51:35,20.519132614135742
12:51:36,20.539276123046875
12:51:36,20.539276123046875
12:51:37,20.539276123046875
12:51:37,20.539276123046875
12:51:38,20.539276123046875
12:51:39,20.539276123046875
12:51:39,20.549346923828125
12:51:40,20.549346923828125
12:51:40,20.559417724609375
12:51:41,20.559417724609375
12:51:41,20.549346923828125
12:51:42,20.549346923828125
12:51:42,20.549346923828125
12:51:43,20.549346923828125
12:51:43,20.559417724609375
12:51:44,20.549346923828125
12:51:44,20.559417724609375
12:51:45,20.559417724609375
12:51:46,20.559417724609375
12:51:46,20.559417724609375
12:51:47,20.559417724609375
12:51:47,20.579561233520508
12:51:48,20.579561233520508
12:51:48,20.579561233520508
12:51:49,20.589632034301758
12:51:49,20.59970474243164
12:51:50,20.589632034301758
12:51:50,20.589632034301758
12:51:51,20.589632034301758
12:51:51,20.589632034301758
12:51:52,20.589632034301758
12:51:52,20.59970474243164
12:51:53,20.59970474243164
12:51:54,20.589632034301758
12:51:54,20.59970474243164
12:51:55,20.59970474243164
12:51:55,20.59970474243164
12:51:56,20.61984634399414
12:51:56,20.59970474243164
12:51:57,20.61984634399414
12:51:57,20.59970474243164
12:51:58,20.59970474243164
12:51:58,20.59970474243164
12:51:59,20.59970474243164
12:51:59,20.589632034301758
12:52:00,20.59970474243164
12:52:01,20.59970474243164
12:52:01,20.59970474243164
12:52:02,20.61984634399414
12:52:02,20.61984634399414
12:52:03,20.61984634399414
12:52:03,20.61984634399414
12:52:04,20.629919052124023
12:52:04,20.629919052124023
12:52:05,20.629919052124023
12:52:05,20.629919052124023
12:52:06,20.629919052124023
12:52:06,20.629919052124023
12:52:07,20.629919052124023
12:52:08,20.629919052124023
12:52:08,20.629919052124023
12:52:09,20.650060653686523
12:52:09,20.650060653686523
12:52:10,20.650060653686523
12:52:10,20.650060653686523
12:52:11,20.650060653686523
12:52:11,20.650060653686523
12:52:12,20.650060653686523
12:52:12,20.670204162597656
12:52:13,20.660133361816406
12:52:13,20.660133361816406
12:52:14,20.670204162597656
12:52:15,20.670204162597656
12:52:15,20.660133361816406
12:52:16,20.670204162597656
12:52:16,20.670204162597656
12:52:17,20.670204162597656
12:52:17,20.670204162597656
12:52:18,20.670204162597656
12:52:18,20.69034767150879
12:52:19,20.69034767150879
12:52:19,20.69034767150879
12:52:20,20.69034767150879
12:52:20,20.70041847229004
12:52:21,20.69034767150879
12:52:22,20.70041847229004
12:52:22,20.70041847229004
12:52:23,20.70041847229004
12:52:23,20.70041847229004
12:52:24,20.71048927307129
12:52:24,20.71048927307129
12:52:25,20.71048927307129
12:52:25,20.71048927307129
12:52:26,20.70041847229004
12:52:26,20.71048927307129
12:52:27,20.71048927307129
12:52:27,20.730632781982422
12:52:28,20.730632781982422
12:52:28,20.730632781982422
12:52:29,20.730632781982422
12:52:30,20.730632781982422
12:52:30,20.71048927307129
12:52:31,20.730632781982422
12:52:31,20.730632781982422
12:52:32,20.730632781982422
12:52:32,20.730632781982422
12:52:33,20.740703582763672
12:52:33,20.740703582763672
12:52:34,20.760847091674805
12:52:34,20.760847091674805
12:52:35,20.760847091674805
12:52:35,20.770917892456055
12:52:36,20.770917892456055
12:52:37,20.770917892456055
12:52:37,20.770917892456055
12:52:38,20.770917892456055
12:52:38,20.770917892456055
12:52:39,20.770917892456055
12:52:39,20.770917892456055
12:52:40,20.780988693237305
12:52:40,20.770917892456055
12:52:41,20.780988693237305
12:52:41,20.780988693237305
12:52:42,20.770917892456055
12:52:42,20.770917892456055
12:52:43,20.780988693237305
12:52:43,20.780988693237305
12:52:44,20.801132202148438
12:52:45,20.801132202148438
12:52:45,20.801132202148438
12:52:46,20.801132202148438
12:52:46,20.811203002929688
12:52:47,20.811203002929688
12:52:47,20.811203002929688
12:52:48,20.811203002929688
12:52:48,20.811203002929688
12:52:49,20.82127571105957
12:52:49,20.82127571105957
12:52:50,20.82127571105957
12:52:50,20.82127571105957
12:52:51,20.84141731262207
12:52:52,20.82127571105957
12:52:52,20.84141731262207
12:52:53,20.84141731262207
12:52:53,20.84141731262207
12:52:54,20.84141731262207
12:52:54,20.84141731262207
12:52:55,20.851490020751953
12:52:55,20.851490020751953
12:52:56,20.84141731262207
12:52:56,20.851490020751953
12:52:57,20.84141731262207
12:52:57,20.851490020751953
12:52:58,20.851490020751953
12:52:59,20.861560821533203
12:52:59,20.861560821533203
12:53:00,20.861560821533203
12:53:00,20.861560821533203
12:53:01,20.851490020751953
12:53:01,20.861560821533203
12:53:02,20.861560821533203
12:53:02,20.861560821533203
12:53:03,20.881704330444336
12:53:03,20.881704330444336
12:53:04,20.881704330444336
12:53:04,20.881704330444336
12:53:05,20.881704330444336
12:53:06,20.861560821533203
12:53:06,20.881704330444336
12:53:07,20.861560821533203
12:53:07,20.861560821533203
12:53:08,20.861560821533203
12:53:08,20.881704330444336
12:53:09,20.891775131225586
12:53:09,20.891775131225586
12:53:10,20.891775131225586
12:53:10,20.891775131225586
12:53:11,20.91191864013672
12:53:11,20.91191864013672
12:53:12,20.91191864013672
12:53:13,20.91191864013672
12:53:13,20.91191864013672
12:53:14,20.92198944091797
12:53:14,20.91191864013672
12:53:15,20.92198944091797
12:53:15,20.92198944091797
12:53:16,20.91191864013672
12:53:16,20.92198944091797
12:53:17,20.93206024169922
12:53:17,20.92198944091797
12:53:18,20.93206024169922
12:53:18,20.95220375061035
12:53:19,20.95220375061035
12:53:19,20.93206024169922
12:53:20,20.93206024169922
12:53:21,20.93206024169922
12:53:21,20.95220375061035
12:53:22,20.95220375061035
12:53:22,20.9622745513916
12:53:23,20.9622745513916
12:53:23,20.9622745513916
12:53:24,20.9622745513916
12:53:24,20.9622745513916
12:53:25,20.972347259521484
12:53:25,20.9622745513916
12:53:26,20.9622745513916
12:53:26,20.9622745513916
12:53:27,20.9622745513916
12:53:28,20.9622745513916
12:53:28,20.972347259521484
12:53:29,20.992488861083984
12:53:29,20.972347259521484
12:53:30,20.992488861083984
12:53:30,20.9622745513916
12:53:31,20.972347259521484
12:53:31,20.992488861083984
12:53:32,20.992488861083984
12:53:32,21.002561569213867
12:53:33,21.002561569213867
12:53:33,20.992488861083984
12:53:34,21.002561569213867
12:53:35,21.022703170776367
12:53:35,21.022703170776367
12:53:36,21.022703170776367
12:53:36,21.022703170776367
12:53:37,21.022703170776367
12:53:37,21.002561569213867
12:53:38,21.022703170776367
12:53:38,21.022703170776367
12:53:39,21.032773971557617
12:53:39,21.032773971557617
12:53:40,21.032773971557617
12:53:40,21.032773971557617
12:53:41,21.032773971557617
12:53:42,21.032773971557617
12:53:42,21.032773971557617
12:53:43,21.032773971557617
12:53:43,21.032773971557617
12:53:44,21.032773971557617
12:53:44,21.0428466796875
12:53:45,21.0428466796875
12:53:45,21.06298828125
12:53:46,21.032773971557617
12:53:46,21.032773971557617
12:53:47,21.032773971557617
12:53:47,21.032773971557617
12:53:48,21.0428466796875
12:53:48,21.032773971557617
12:53:49,21.0428466796875
12:53:50,21.0428466796875
12:53:50,21.06298828125
12:53:51,21.06298828125
12:53:51,21.06298828125
12:53:52,21.06298828125
12:53:52,21.073060989379883
12:53:53,21.06298828125
12:53:53,21.073060989379883
12:53:54,21.073060989379883
12:53:54,21.083131790161133
12:53:55,21.083131790161133
12:53:55,21.103275299072266
12:53:56,21.103275299072266
12:53:57,21.103275299072266
12:53:57,21.103275299072266
12:53:58,21.103275299072266
12:53:58,21.113346099853516
12:53:59,21.123416900634766
12:53:59,21.123416900634766
12:54:00,21.123416900634766
12:54:00,21.123416900634766
12:54:01,21.1435604095459
12:54:01,21.1435604095459
12:54:02,21.15363121032715
12:54:02,21.1435604095459
12:54:03,21.15363121032715
12:54:04,21.15363121032715
12:54:04,21.17377471923828
12:54:05,21.15363121032715
12:54:05,21.15363121032715
12:54:06,21.15363121032715
12:54:06,21.17377471923828
12:54:07,21.17377471923828
12:54:07,21.15363121032715
12:54:08,21.17377471923828
12:54:08,21.18384552001953
12:54:09,21.193918228149414
12:54:09,21.18384552001953
12:54:10,21.18384552001953
12:54:11,21.193918228149414
12:54:11,21.214059829711914
12:54:12,21.224132537841797
12:54:12,21.224132537841797
12:54:13,21.234203338623047
12:54:13,21.234203338623047
12:54:14,21.224132537841797
12:54:14,21.234203338623047
12:54:15,21.234203338623047
12:54:15,21.25434684753418
12:54:16,21.25434684753418
12:54:16,21.25434684753418
12:54:17,21.25434684753418
12:54:18,21.25434684753418
12:54:18,21.25434684753418
12:54:19,21.25434684753418
12:54:19,21.26441764831543
12:54:20,21.26441764831543
12:54:20,21.26441764831543
12:54:21,21.25434684753418
12:54:21,21.25434684753418
12:54:22,21.26441764831543
12:54:22,21.26441764831543
12:54:23,21.26441764831543
12:54:23,21.284561157226562
12:54:24,21.26441764831543
12:54:24,21.26441764831543
12:54:25,21.284561157226562
12:54:26,21.26441764831543
12:54:26,21.26441764831543
12:54:27,21.26441764831543
12:54:27,21.26441764831543
12:54:28,21.26441764831543
12:54:28,21.26441764831543
12:54:29,21.284561157226562
12:54:29,21.284561157226562
12:54:30,21.284561157226562
12:54:30,21.284561157226562
12:54:31,21.294631958007812
12:54:31,21.294631958007812
12:54:32,21.294631958007812
12:54:33,21.334917068481445
12:54:33,21.304702758789062
12:54:34,21.294631958007812
12:54:34,21.304702758789062
12:54:35,21.304702758789062
12:54:35,21.294631958007812
12:54:36,21.304702758789062
12:54:36,21.304702758789062
12:54:37,21.304702758789062
12:54:37,21.304702758789062
12:54:38,21.304702758789062
12:54:38,21.304702758789062
12:54:39,21.334917068481445
12:54:40,21.334917068481445
12:54:40,21.334917068481445
12:54:41,21.344987869262695
12:54:41,21.344987869262695
12:54:42,21.344987869262695
12:54:42,21.355060577392578
12:54:43,21.355060577392578
12:54:43,21.355060577392578
12:54:44,21.375202178955078
12:54:44,21.375202178955078
12:54:45,21.38527488708496
12:54:45,21.38527488708496
12:54:46,21.38527488708496
12:54:46,21.38527488708496
12:54:47,21.38527488708496
12:54:48,21.38527488708496
12:54:48,21.40541648864746
12:54:49,21.40541648864746
12:54:49,21.40541648864746
12:54:50,21.40541648864746
12:54:50,21.40541648864746
12:54:51,21.415489196777344
12:54:51,21.40541648864746
12:54:52,21.415489196777344
12:54:52,21.415489196777344
12:54:53,21.415489196777344
12:54:53,21.415489196777344
12:54:54,21.425559997558594
12:54:55,21.425559997558594
12:54:55,21.425559997558594
12:54:56,21.445703506469727
12:54:56,21.425559997558594
12:54:57,21.445703506469727
12:54:57,21.425559997558594
12:54:58,21.415489196777344
12:54:58,21.425559997558594
12:54:59,21.425559997558594
12:54:59,21.445703506469727
12:55:00,21.445703506469727
12:55:00,21.445703506469727
12:55:01,21.445703506469727
12:55:02,21.445703506469727
12:55:02,21.455774307250977
12:55:03,21.455774307250977
12:55:03,21.455774307250977
12:55:04,21.465845108032227
12:55:04,21.455774307250977
12:55:05,21.455774307250977
12:55:05,21.455774307250977
12:55:06,21.465845108032227
12:55:06,21.465845108032227
12:55:07,21.465845108032227
12:55:07,21.48598861694336
12:55:08,21.48598861694336
12:55:09,21.48598861694336
12:55:09,21.48598861694336
12:55:10,21.49605941772461
12:55:10,21.49605941772461
12:55:11,21.506132125854492
12:55:11,21.506132125854492
12:55:12,21.506132125854492
12:55:12,21.506132125854492
12:55:13,21.49605941772461
12:55:13,21.49605941772461
12:55:14,21.506132125854492
12:55:14,21.526273727416992
12:55:15,21.526273727416992
12:55:16,21.526273727416992
12:55:16,21.506132125854492
12:55:17,21.526273727416992
12:55:17,21.526273727416992
12:55:18,21.526273727416992
12:55:18,21.536346435546875
12:55:19,21.506132125854492
12:55:19,21.536346435546875
12:55:20,21.536346435546875
12:55:20,21.536346435546875
12:55:21,21.536346435546875
12:55:21,21.556488037109375
12:55:22,21.556488037109375
12:55:22,21.556488037109375
12:55:23,21.556488037109375
12:55:24,21.556488037109375
12:55:24,21.566560745239258
12:55:25,21.566560745239258
12:55:25,21.566560745239258
12:55:26,21.576631546020508
12:55:26,21.566560745239258
12:55:27,21.576631546020508
12:55:27,21.576631546020508
12:55:28,21.576631546020508
12:55:28,21.59677505493164
12:55:29,21.59677505493164
12:55:29,21.59677505493164
12:55:30,21.566560745239258
12:55:31,21.59677505493164
12:55:31,21.576631546020508
12:55:32,21.566560745239258
12:55:32,21.566560745239258
12:55:33,21.576631546020508
12:55:33,21.576631546020508
12:55:34,21.576631546020508
12:55:34,21.60684585571289
12:55:35,21.60684585571289
12:55:35,21.61691665649414
12:55:36,21.60684585571289
12:55:36,21.61691665649414
12:55:37,21.61691665649414
12:55:38,21.61691665649414
12:55:38,21.61691665649414
12:55:39,21.637060165405273
12:55:39,21.647130966186523
12:55:40,21.637060165405273
12:55:40,21.647130966186523
12:55:41,21.647130966186523
12:55:41,21.647130966186523
12:55:42,21.647130966186523
12:55:42,21.647130966186523
12:55:43,21.647130966186523
12:55:43,21.647130966186523
12:55:44,21.647130966186523
12:55:45,21.677345275878906
12:55:45,21.677345275878906
12:55:46,21.677345275878906
12:55:46,21.677345275878906
12:55:47,21.677345275878906
12:55:47,21.667274475097656
12:55:48,21.687416076660156
12:55:48,21.677345275878906
12:55:49,21.677345275878906
12:55:49,21.687416076660156
12:55:50,21.687416076660156
12:55:50,21.70755958557129
12:55:51,21.70755958557129
12:55:51,21.70755958557129
12:55:52,21.687416076660156
12:55:53,21.70755958557129
12:55:53,21.70755958557129
12:55:54,21.70755958557129
12:55:54,21.70755958557129
12:55:55,21.70755958557129
12:55:55,21.71763038635254
12:55:56,21.727703094482422
12:55:56,21.71763038635254
12:55:57,21.727703094482422
12:55:57,21.71763038635254
12:55:58,21.727703094482422
12:55:58,21.727703094482422
12:55:59,21.71763038635254
12:56:00,21.727703094482422
12:56:00,21.727703094482422
12:56:01,21.747844696044922
12:56:01,21.747844696044922
12:56:02,21.727703094482422
12:56:02,21.727703094482422
12:56:03,21.727703094482422
12:56:03,21.727703094482422
12:56:04,21.727703094482422
12:56:04,21.71763038635254
12:56:05,21.71763038635254
12:56:05,21.727703094482422
12:56:06,21.727703094482422
12:56:07,21.727703094482422
12:56:07,21.727703094482422
12:56:08,21.71763038635254
12:56:08,21.71763038635254
12:56:09,21.71763038635254
12:56:09,21.727703094482422
12:56:10,21.727703094482422
12:56:10,21.747844696044922
12:56:11,21.747844696044922
12:56:11,21.727703094482422
12:56:12,21.727703094482422
12:56:12,21.727703094482422
12:56:13,21.727703094482422
12:56:13,21.747844696044922
12:56:14,21.747844696044922
12:56:15,21.757917404174805
12:56:15,21.757917404174805
12:56:16,21.757917404174805
12:56:16,21.757917404174805
12:56:17,21.757917404174805
12:56:17,21.757917404174805
12:56:18,21.767988204956055
12:56:18,21.767988204956055
12:56:19,21.757917404174805
12:56:19,21.767988204956055
12:56:20,21.767988204956055
12:56:20,21.767988204956055
12:56:21,21.767988204956055
12:56:22,21.767988204956055
12:56:22,21.788131713867188
12:56:23,21.788131713867188
12:56:23,21.788131713867188
12:56:24,21.788131713867188
12:56:24,21.788131713867188
12:56:25,21.788131713867188
12:56:25,21.788131713867188
12:56:26,21.788131713867188
12:56:26,21.767988204956055
12:56:27,21.788131713867188
12:56:27,21.788131713867188
12:56:28,21.788131713867188
12:56:29,21.788131713867188
12:56:29,21.788131713867188
12:56:30,21.788131713867188
12:56:30,21.798202514648438
12:56:31,21.81834602355957
12:56:31,21.798202514648438
12:56:32,21.81834602355957
12:56:32,21.81834602355957
12:56:33,21.81834602355957
12:56:33,21.82841682434082
12:56:34,21.81834602355957
12:56:34,21.81834602355957
12:56:35,21.81834602355957
12:56:36,21.81834602355957
12:56:36,21.81834602355957
12:56:37,21.798202514648438
12:56:37,21.81834602355957
12:56:38,21.82841682434082
12:56:38,21.82841682434082
12:56:39,21.82841682434082
12:56:39,21.82841682434082
12:56:40,21.82841682434082
12:56:40,21.82841682434082
12:56:41,21.83848762512207
12:56:41,21.82841682434082
12:56:42,21.82841682434082
12:56:43,21.83848762512207
12:56:43,21.83848762512207
12:56:44,21.83848762512207
12:56:44,21.858631134033203
12:56:45,21.868701934814453
12:56:45,21.868701934814453
12:56:46,21.878774642944336
12:56:46,21.868701934814453
12:56:47,21.878774642944336
12:56:47,21.878774642944336
12:56:48,21.898916244506836
12:56:48,21.898916244506836
12:56:49,21.898916244506836
12:56:49,21.878774642944336
12:56:50,21.878774642944336
12:56:51,21.878774642944336
12:56:51,21.878774642944336
12:56:52,21.898916244506836
12:56:52,21.90898895263672
12:56:53,21.90898895263672
12:56:53,21.90898895263672
12:56:54,21.90898895263672
12:56:54,21.92913055419922
12:56:55,21.90898895263672
12:56:55,21.90898895263672
12:56:56,21.90898895263672
12:56:56,21.92913055419922
12:56:57,21.92913055419922
12:56:58,21.92913055419922
12:56:58,21.93920135498047
12:56:59,21.93920135498047
12:56:59,21.94927406311035
12:57:00,21.96941566467285
12:57:00,21.94927406311035
12:57:01,21.94927406311035
12:57:01,21.93920135498047
12:57:02,21.96941566467285
12:57:02,21.96941566467285
12:57:03,21.96941566467285
12:57:03,21.96941566467285
12:57:04,21.979488372802734
12:57:05,21.96941566467285
12:57:05,21.979488372802734
12:57:06,21.979488372802734
12:57:06,21.979488372802734
12:57:07,21.989559173583984
12:57:07,21.989559173583984
12:57:08,21.989559173583984
12:57:08,22.009702682495117
12:57:09,22.009702682495117
12:57:09,22.009702682495117
12:57:10,22.009702682495117
12:57:10,22.009702682495117
12:57:11,22.019773483276367
12:57:12,22.019773483276367
12:57:12,22.009702682495117
12:57:13,22.019773483276367
12:57:13,22.009702682495117
12:57:14,22.009702682495117
12:57:14,22.019773483276367
12:57:15,22.019773483276367
12:57:15,22.019773483276367
12:57:16,22.0399169921875
12:57:16,22.0399169921875
12:57:17,22.04998779296875
12:57:17,22.0399169921875
12:57:18,22.0399169921875
12:57:19,22.0399169921875
12:57:19,22.0399169921875
12:57:20,22.04998779296875
12:57:20,22.04998779296875
12:57:21,22.0399169921875
12:57:21,22.04998779296875
12:57:22,22.04998779296875
12:57:22,22.04998779296875
12:57:23,22.04998779296875
12:57:23,22.06005859375
12:57:24,22.04998779296875
12:57:24,22.04998779296875
12:57:25,22.04998779296875
12:57:25,22.06005859375
12:57:26,22.06005859375
12:57:27,22.06005859375
12:57:27,22.06005859375
12:57:28,22.080202102661133
12:57:28,22.080202102661133
12:57:29,22.080202102661133
12:57:29,22.080202102661133
12:57:30,22.080202102661133
12:57:30,22.090272903442383
12:57:31,22.080202102661133
12:57:31,22.090272903442383
12:57:32,22.090272903442383
12:57:32,22.120487213134766
12:57:33,22.120487213134766
12:57:34,22.100345611572266
12:57:34,22.100345611572266
12:57:35,22.100345611572266
12:57:35,22.120487213134766
12:57:36,22.13055992126465
12:57:36,22.13055992126465
12:57:37,22.120487213134766
12:57:37,22.13055992126465
12:57:38,22.120487213134766
12:57:38,22.13055992126465
12:57:39,22.13055992126465
